Aaoar1_GeneCatalog_proteins_20140429.aa.fasta	1450172	DNA	v1.0	
Abisporus_varbisporusH97.v2.FilteredModels3.proteins.fasta	936046	DNA	v2.0	23045686
Abisporus_varburnettii.v2.FilteredModels1.proteins.fasta	597362	DNA		23045686
Abobie1_GeneCatalog_proteins_20170621.aa.fasta	137743	DNA	v1.0	
Absrep1_GeneCatalog_proteins_20160129.aa.fasta	90262	DNA	v1.0	28481340
Acain1_GeneCatalog_proteins_20150309.aa.fasta	215250	DNA	v1.0	
Acema1_GeneCatalog_proteins_20150224.aa.fasta	886606	DNA	v1.0	
Achstr1_GeneCatalog_proteins_20171031.aa.fasta	79814	DNA	v1.0	
Aciaci1_GeneCatalog_proteins_20160228.aa.fasta	1442179	DNA	v1.0	
Aciri1_iso_GeneCatalog_proteins_20111207.aa.fasta	766039	DNA		26973616
Acral2_GeneCatalog_proteins_20110414.aa.fasta	398408	DNA	v2.0	
Acrchr1_GeneCatalog_proteins_20170914.aa.fasta	857340	DNA		25291769
Acrst1_GeneCatalog_proteins_20141022.aa.fasta	5046	DNA	v1.0	
Agahy1_GeneCatalog_proteins_20140307.aa.fasta	44565	DNA	v1.0	
Agrped1_GeneCatalog_proteins_20151110.aa.fasta	84607	DNA	v1.0	
Alikh1_GeneCatalog_proteins_20170216.aa.fasta	112102	DNA	v1.0	
Allma1_GeneCatalog_proteins_20131203.aa.fasta	578462	DNA		
Altal1_GeneCatalog_proteins_20141010.aa.fasta	5599	DNA	v1.0	27434633
Alternaria_brassicicola_proteins.fasta	29001	DNA		23236275
Altro1_GeneCatalog_proteins_20180320.aa.fasta 	1187941	DNA	v1.0	
Amamu1_GeneCatalog_proteins_20120806.aa.fasta	946122	DNA	v1.0	25706625
Amath1_GeneCatalog_proteins_20120702.aa.fasta	703135	DNA	v1.0	24923322
Amnli1_GeneCatalog_proteins_20140304.aa.fasta	1392246	DNA	v1.0	
Amore1_GeneCatalog_proteins_20110719.aa.fasta	5101	DNA	v1.0	29315638
Ampqui1_GeneCatalog_proteins_20160127.aa.fasta	50730	DNA	v1.0	
Amycha1_GeneCatalog_proteins_20170615.aa.fasta	55340	DNA	v1.0	
Amylap1_1_GeneCatalog_proteins_20171107.aa.fasta	202700	DNA	v1.0	
Anasp1_GeneCatalog_proteins_20160330.aa.fasta	1754192	DNA	v1.0	28555641
Anobom1_GeneCatalog_proteins_20160510.aa.fasta	264122	DNA	v1.0	
Antav1_GeneCatalog_proteins_20130828.aa.fasta	1405086	DNA	v1.0	
Antlo1_GeneCatalog_proteins_20130909.aa.fasta	1284279	DNA		15186746
Antser1_GeneCatalog_proteins_20170404.aa.fasta	139415	DNA	v1.0	
Antsi1_GeneCatalog_proteins_20130416.aa.fasta	1158206	DNA	v1.0	
Apibac1_GeneCatalog_proteins_20170729.aa.fasta	314023	DNA	v1.0	
Apimo1_GeneCatalog_proteins_20120813.aa.fasta	1149870	DNA	v1.0	
Aplpr1_GeneCatalog_proteins_20121211.aa.fasta	1176127	DNA	v1.0	
Apope1_GeneCatalog_proteins_20171021.aa.fasta	516989	DNA	v1.0	
Armcep1_GeneCatalog_proteins_20170112.aa.fasta	47426	DNA		29085064
Armga1_GeneCatalog_proteins_20141028.aa.fasta	47427	DNA	v1.0	29085064
Armme1_1_GeneCatalog_proteins_20140802.aa.fasta	1314977	DNA		23656496
Armost1_GeneCatalog_proteins_20150831.aa.fasta	1076256	DNA	v1.0	29085064
Armosto1_GeneCatalog_proteins_20170112.aa.fasta	47428	DNA		29085064
Artbe1_GeneCatalog_proteins_20131209.aa.fasta	663331	DNA		21247460
Artfe1_2_GeneCatalog_proteins_20150912.aa.fasta	53486	DNA	v1.0	
Artol1_GeneCatalog_proteins_20131209.aa.fasta	756982	DNA		21909256
Arxad1_GeneCatalog_proteins_20141211.aa.fasta	409370	DNA		24834124
Ascim1_GeneCatalog_proteins_20121221.aa.fasta	1160509	DNA	v1.0	
Ascni1_GeneCatalog_proteins_20141120.aa.fasta	341454	DNA	v1.0	
Ascra1_GeneCatalog_proteins_20170704.aa.fasta	5454	DNA		27091329
Ascru1_GeneCatalog_proteins_20111107.aa.fasta	983968	DNA	v1.0	27535936
Ascsa1_GeneCatalog_proteins_20140116.aa.fasta	1016881	DNA		22396667
Ashgo1_1_GeneCatalog_proteins_20140830.aa.fasta	284811	DNA		
Aspac1_filtered_proteins.FilteredModels6.fasta	690307	DNA	v1.1	28196534
Aspacri1_GeneCatalog_proteins_20160412.aa.fasta	286159	DNA		
Aspacu1_GeneCatalog_proteins_20140714.aa.fasta	1448322	DNA	v1.0	
Aspamy1_GeneCatalog_proteins_20160516.aa.fasta	176161	DNA	v1.0	
Aspbisp1_GeneCatalog_proteins_20160414.aa.fasta	41753	DNA	v1.0	
Aspbom1_GeneCatalog_proteins_20170529.aa.fasta	109264	DNA		27664179
Aspbr1_GeneCatalog_proteins_20120615.aa.fasta	319629	DNA	v1.0	28196534
Aspbrev1_GeneCatalog_proteins_20160412.aa.fasta	176172	DNA	v1.0	
Aspbru1_GeneCatalog_proteins_20140712.aa.fasta	1450534	DNA	v1.0	
Aspca3_filtered_proteins.fasta	602072	DNA	v3	28196534
Aspcal1_GeneCatalog_proteins_20160920.aa.fasta	454130	DNA		
Aspcam1_GeneCatalog_proteins_20140128.aa.fasta	1392248	DNA	v1.0	29317534
Aspcand1_GeneCatalog_proteins_20161018.aa.fasta	41067	DNA	v1.0	29317534
Aspchev1_GeneCatalog_proteins_20160413.aa.fasta	182096	DNA	v1.0	
Aspcl1_GeneCatalog_proteins_20120815.aa.fasta	344612	DNA		22080559
Aspcos1_GeneCatalog_proteins_20141208.aa.fasta	1448317	DNA	v1.0	
Aspcri1_GeneCatalog_proteins_20170529.aa.fasta	573508	DNA		27267057
Aspdese1_GeneCatalog_proteins_20160412.aa.fasta	1810909	DNA	v1.0	
Aspell1_GeneCatalog_proteins_20140716.aa.fasta	1448320	DNA	v1.0	
Aspeuc1_GeneCatalog_proteins_20140626.aa.fasta	1448314	DNA	v1.0	
Aspfij1_GeneCatalog_proteins_20141130.aa.fasta	1448319	DNA	v1.0	
Aspfili1_GeneCatalog_proteins_20160412.aa.fasta	447248	DNA	v1.0	
Aspfl1_GeneCatalog_proteins_20121018.aa.fasta	332952	DNA		22080559
Aspfo1_GeneCatalog_proteins_20120615.aa.fasta	1137211	DNA	v1.0	28196534
Aspfu_A1163_1_GeneCatalog_proteins_20140107.aa.fasta	451804	DNA		18404212
Aspfu1_GeneCatalog_proteins_20120808.aa.fasta	330879	DNA		16372009
Aspfuni1_GeneCatalog_proteins_20160414.aa.fasta	176168	DNA	v1.0	
Aspgl1_GeneCatalog_proteins_20121005.aa.fasta	41413	DNA	v1.0	28196534
Asphet1_GeneCatalog_proteins_20140624.aa.fasta	1448321	DNA	v1.0	
Asphom1_GeneCatalog_proteins_20140716.aa.fasta	1450537	DNA	v1.0	
Aspibe1_GeneCatalog_proteins_20141129.aa.fasta	1448316	DNA	v1.0	
Aspind1_GeneCatalog_proteins_20140718.aa.fasta	1450541	DNA	v1.0	
Aspind2_1_GeneCatalog_proteins_20160309.aa.fasta	138288	DNA		
Aspinso1_GeneCatalog_proteins_20160413.aa.fasta	1131488	DNA	v1.0	
Aspjap1_GeneCatalog_proteins_20141201.aa.fasta	1448312	DNA	v1.0	
Aspka1_1_GeneCatalog_proteins_20140116.aa.fasta	1033177	DNA		22045919
Asplac1_GeneCatalog_proteins_20140612.aa.fasta	1450533	DNA	v1.0	
Aspmul1_1_GeneCatalog_proteins_20160309.aa.fasta	41759	DNA		
Aspne1_GeneCatalog_proteins_20160629.aa.fasta	2184044	DNA	v1.0	
Aspneo1_GeneCatalog_proteins_20140612.aa.fasta	1448310	DNA	v1.0	
Aspneoa1_GeneCatalog_proteins_20160629.aa.fasta	1883083	DNA	v1.0	
Aspni_bvT_1_GeneCatalog_proteins_20140302.aa.fasta	1353008	DNA	v1.0	
Aspni_DSM_1_GeneCatalog_proteins_20130526.aa.fasta	425011	DNA		17259976
Aspni_NRRL3_1_GeneCatalog_proteins_20140311.aa.fasta	1451139	DNA		
Aspni7_GeneCatalog_proteins_20131226.aa.fasta	380704	DNA	v4.0	21543515
Aspnid1_GeneCatalog_proteins_20110130.aa.fasta	162425	DNA		22080559
Aspnom13137_1_GeneCatalog_proteins_20160919.aa.fasta	1509407	DNA		
Aspnov1_GeneCatalog_proteins_20140201.aa.fasta	1392255	DNA	v1.0	29317534
Aspoch1_GeneCatalog_proteins_20140127.aa.fasta	1392256	DNA	v1.0	29317534
Aspoch1432_1_GeneCatalog_proteins_20160917.aa.fasta	138278	DNA		
Aspoli1_1_GeneCatalog_proteins_20160309.aa.fasta	1250372	DNA		
Aspor1_GeneCatalog_proteins_20120808.aa.fasta	510516	DNA		22080559
Aspparv1_GeneCatalog_proteins_20160414.aa.fasta	41750	DNA	v1.0	
Asppeni1_GeneCatalog_proteins_20160413.aa.fasta	41959	DNA	v1.0	
Aspph1_GeneCatalog_proteins_20140307.aa.fasta	1353007	DNA	v1.0	
Asppip1_GeneCatalog_proteins_20140724.aa.fasta	1448313	DNA	v1.0	
Aspram1_GeneCatalog_proteins_20160917.aa.fasta	308745	DNA		
Asprec1_1_GeneCatalog_proteins_20160405.aa.fasta	41761	DNA		
Aspres1_GeneCatalog_proteins_20160629.aa.fasta	5064	DNA	v1.0	
Asprobu1_GeneCatalog_proteins_20160413.aa.fasta	138281	DNA	v1.0	
Aspros1_GeneCatalog_proteins_20160629.aa.fasta	1250373	DNA	v1.0	
Aspsac1_GeneCatalog_proteins_20140605.aa.fasta	1450539	DNA	v1.0	
Aspsc1_GeneCatalog_proteins_20160516.aa.fasta	138282	DNA	v1.0	
Aspscl1_GeneCatalog_proteins_20140623.aa.fasta	1450535	DNA	v1.0	
Aspscle1_GeneCatalog_proteins_20140720.aa.fasta	1448318	DNA	v1.0	
Aspste1_GeneCatalog_proteins_20140201.aa.fasta	1392250	DNA	v1.0	29317534
Aspstec1_1_GeneCatalog_proteins_20160404.aa.fasta	1883081	DNA	v1.0	
Aspstel1_1_GeneCatalog_proteins_20160404.aa.fasta	1810926	DNA	v1.0	
Aspsy1_GeneCatalog_proteins_20120625.aa.fasta	1036612	DNA	v1.0	28196534
Asptaic1_GeneCatalog_proteins_20160414.aa.fasta	482145	DNA	v1.0	29317534
Aspte1_GeneCatalog_proteins_20120919.aa.fasta	341663	DNA		22080559
Asptr1_GeneCatalog_proteins_20160629.aa.fasta	478866	DNA	v1.0	
Asptu1_GeneCatalog_proteins_20120711.aa.fasta	5068	DNA	v1.0	28196534
Aspuda1_GeneCatalog_proteins_20160920.aa.fasta	91492	DNA		26251487
Aspund1_1_GeneCatalog_proteins_20160404.aa.fasta	1810928	DNA	v1.0	
Aspung1_GeneCatalog_proteins_20160614.aa.fasta	40381	DNA	v1.0	
Aspuva1_GeneCatalog_proteins_20140531.aa.fasta	1448315	DNA	v1.0	
Aspvad1_GeneCatalog_proteins_20140612.aa.fasta	1448311	DNA	v1.0	
Aspve1_GeneCatalog_proteins_20120621.aa.fasta	46472	DNA	v1.0	28196534
Aspven1_GeneCatalog_proteins_20160614.aa.fasta	1810929	DNA	v1.0	
Aspvio1_GeneCatalog_proteins_20140719.aa.fasta	1450538	DNA	v1.0	
Aspwe1_GeneCatalog_proteins_20120711.aa.fasta	5066	DNA	v1.0	28196534
Aspwel1_GeneCatalog_proteins_20160629.aa.fasta	1341132	DNA	v1.0	
Aspzo1_GeneCatalog_proteins_20121010.aa.fasta	41063	DNA	v1.0	28196534
Astpho2_GeneCatalog_proteins_20111209.aa.fasta 	763042	DNA	v2.0	
Atrsp2_GeneCatalog_proteins_20130826.aa.fasta	34420	DNA	v2.0	
Atrsp2_GeneCatalog_proteins_20130826.aa.fasta	1938712	DNA	v1.0	
Aulhe2_GeneCatalog_proteins_20130401.aa.fasta	1176130	DNA	v2.0	
Auramp1_GeneCatalog_proteins_20160719.aa.fasta	97359	DNA	v1.0	
Aurde3_1_GeneCatalog_proteins_20130729.aa.fasta	1331295	DNA	v2.0	22745431
Aurpu_var_mel1_GeneCatalog_proteins_20130418.aa.fasta	1043003	DNA		24984952
Aurpu_var_nam1_GeneCatalog_proteins_20130418.aa.fasta	1043004	DNA		24984952
Aurpu_var_pul1_GeneCatalog_proteins_20130219.aa.fasta	1043002	DNA		24984952
Aurpu_var_sub1_GeneCatalog_proteins_20120515.aa.fasta	1043005	DNA		24984952
Aurvu1_GeneCatalog_proteins_20140723.aa.fasta	40419	DNA	v1.0	
Babin1_GeneCatalog_proteins_20120306.aa.fasta	984486	DNA	v1.0	27535936
Bacci1_GeneCatalog_proteins_20130730.aa.fasta	1314798	DNA	v1.0	
Basme2finSC_GeneCatalog_proteins_20150701.aa.fasta	1314790	DNA	v1.0	28481340
Basun1_GeneCatalog_proteins_20150127.aa.fasta	1230402	DNA		
Batde5_best_proteins.fasta	684364	DNA	v1.0	
Bauco1_GeneCatalog_proteins_20110511.aa.fasta	717646	DNA	v1.0	23236275
Beaba1_GeneCatalog_proteins_20130926.aa.fasta	655819	DNA		22761991
Bimnz1_GeneCatalog_proteins_20150128.aa.fasta	1447943	DNA	v1.0	
Bisnum1_GeneCatalog_proteins_20160826.aa.fasta	97378	DNA	v1.0	
Bissp1_GeneCatalog_proteins_20161122.aa.fasta	1954211	DNA	v1.0	
Bjead1_1_GeneCatalog_proteins_20110614.aa.fasta	5331	DNA	v1.0	23935031
Blabri1_GeneCatalog_proteins_20160901.aa.fasta	64508	DNA	v1.0	
Blade1_GeneCatalog_proteins_20130826.aa.fasta	559298	DNA		26439490
Blatri1_GeneCatalog_proteins_20160404.aa.fasta	4850	DNA	v1.0	
Blugr1_GeneCatalog_proteins_20131023.aa.fasta	546991	DNA		
Blugra1_GeneCatalog_proteins_20170921.aa.fasta	1268274	DNA		23852167
Blyhe1_GeneCatalog_proteins_20160509.aa.fasta	388810	DNA		
Boeex1_GeneCatalog_proteins_20171129.aa.fasta  	749465	DNA	v1.0	
Boled1_GeneCatalog_proteins_20130211.aa.fasta	36056	DNA	v1.0	
Bolvit1_GeneCatalog_proteins_20160525.aa.fasta	34439	DNA	v1.0	
Bombar1_GeneCatalog_proteins_20180327.aa.fasta 	1868209	DNA	v1.0	
Bombom1_GeneCatalog_proteins_20170616.aa.fasta	252184	DNA	v1.0	
Botbo1_GeneCatalog_proteins_20110803.aa.fasta	264124	DNA	v1.0	24958869
Botci1_GeneCatalog_proteins_20110903.aa.fasta	40559	DNA	v1.0	23104368
Botdo1_1_GeneCatalog_proteins_20150128.aa.fasta	55169	DNA		
Bulin1_GeneCatalog_proteins_20160325.aa.fasta	73172	DNA	v1.0	
Bysci1_GeneCatalog_proteins_20140627.aa.fasta	147558	DNA	v1.0	
Bysni1_GeneCatalog_proteins_20180319.aa.fasta  	5093	DNA	v1.0	
Byssp1_GeneCatalog_proteins_20170705.aa.fasta	1356009	DNA		24407650
Cadsp1_GeneCatalog_proteins_20140317.aa.fasta	1485229	DNA	v1.0	29679020
Caecom1_GeneCatalog_proteins_20171213.aa.fasta 	2019372	DNA	v1.0	
Calco1_GeneCatalog_proteins_20130417.aa.fasta	29889	DNA	v1.0	26659563
Calful1_GeneCatalog_proteins_20160326.aa.fasta	47187	DNA	v1.0	
Calor1_GeneCatalog_proteins_20130726.aa.fasta	380014	DNA		
Calpu1_GeneCatalog_proteins_20130805.aa.fasta	312312	DNA		
Calvi1_GeneCatalog_proteins_20130829.aa.fasta	63146	DNA	v1.0	26659563
Canalb1_GeneCatalog_proteins_20161025.aa.fasta	237561	DNA		15123810
Cananz1_GeneCatalog_proteins_20160317.aa.fasta	1750568	DNA	v1.0	
Canar1_GeneCatalog_proteins_20111127.aa.fasta	983967	DNA	v1.0	27535936
Canca1_GeneCatalog_proteins_20110525.aa.fasta	51930	DNA	v1.0	27535936
Canta1_GeneCatalog_proteins_20120131.aa.fasta	984487	DNA	v1.0	27535936
Cante1_filtered_proteins_v1_1.fasta	45596	DNA	v1.0	21788494
Capcor1_GeneCatalog_proteins_20160902.aa.fasta	1182541	DNA		28348446
Capep1_GeneCatalog_proteins_20160831.aa.fasta	1182542	DNA		28348446
Capse1_GeneCatalog_proteins_20160902.aa.fasta	5601	DNA		28348446
Catan2_GeneCatalog_proteins_20160412.aa.fasta	765915	DNA	v2.0	28481340
Caupr1_GeneCatalog_proteins_20150107.aa.fasta	1555241	DNA	v1.0	
Cenge3_GeneCatalog_proteins_20130403.aa.fasta	794803	DNA	v2.0	27601008
Cepal1_1_GeneCatalog_proteins_20150113.aa.fasta	43958	DNA	v1.0	
Cepfr1_1_GeneCatalog_proteins_20150115.aa.fasta	27311	DNA	v1.0	
CerAGI_GeneCatalog_proteins_20150524.aa.fasta	5251	DNA	v1.0	
Cercau1_GeneCatalog_proteins_20170822.aa.fasta	314043	DNA	v1.0	
Cercer1_GeneCatalog_proteins_20160510.aa.fasta	1175230	DNA	v1.0	
Ceriporiopsis_subvermispora.proteins.fasta	914234	DNA		22434909
Cernew1_GeneCatalog_proteins_20170729.aa.fasta	92897	DNA	v1.0	
Cersc1_GeneCatalog_proteins_20171129.aa.fasta	314031	DNA	v1.0	
Cersp1_GeneCatalog_proteins_20150406.aa.fasta	1522189	DNA	v1.0	
Cerun2_GeneCatalog_proteins_20130111.aa.fasta	90312	DNA	v1.1	
Cerzm1_GeneCatalog_proteins_20111029.aa.fasta	135779	DNA	v1.0	
Chafi1_GeneCatalog_proteins_20180308.aa.fasta 	1854472	DNA	v1.0	
Chagl_1_GeneModels_BroadGeneModels_aa.fasta	38033	DNA	v1.0	21964414
Chain1_GeneCatalog_proteins_20130808.aa.fasta	139949	DNA		
Chalo1_GeneCatalog_proteins_20130611.aa.fasta	1379296	DNA	v1.0	
Chiap1_GeneCatalog_proteins_20150110.aa.fasta	54742	DNA	v1.0	
Chicu1_GeneCatalog_proteins_20160411.aa.fasta	180810	DNA	v1.0	
Chlpad1_GeneCatalog_proteins_20160815.aa.fasta	90267	DNA	v1.0	
Chove1_GeneCatalog_proteins_20131210.aa.fasta	1336337	DNA	v1.0	
Chylag1_GeneCatalog_proteins_20170110.aa.fasta	64509	DNA	v1.0	
Chytri1_GeneCatalog_proteins_20161010.aa.fasta	1882861	DNA	v1.0	
Cirumb1_GeneCatalog_proteins_20170119.aa.fasta	101103	DNA	v1.0	
Claba1_GeneCatalog_proteins_20160826.aa.fasta	1442370	DNA		28348446
Clabul1_GeneCatalog_proteins_20160908.aa.fasta	585595	DNA	v1.0	
Claca1_GeneCatalog_proteins_20160902.aa.fasta	1279043	DNA		28348446
Clael1_GeneCatalog_proteins_20140828.aa.fasta	706981	DNA	v1.0	
Clafu1_GeneCatalog_proteins_20110826.aa.fasta	5499	DNA	v1.0	23209441
Clagr3_GeneCatalog_proteins_20111121.aa.fasta	27339	DNA	v2.0	
Claim1_GeneCatalog_proteins_20160902.aa.fasta	569365	DNA		28348446
Clalu1_2_GeneCatalog_proteins_20150216.aa.fasta	306902	DNA		19465905
ClaPMI390_GeneCatalog_proteins_20140716.aa.fasta	1486700	DNA	v1.0	
Clapol1_1_GeneCatalog_proteins_20180327.aa.fasta  	1437435	DNA	v1.0	
Claps1_GeneCatalog_proteins_20160902.aa.fasta	1182543	DNA		28348446
Clapy1_GeneCatalog_proteins_20140612.aa.fasta 	48021	DNA	v1.0	
Clasph1_GeneCatalog_proteins_20160727.aa.fasta	1151026	DNA		22544899
Claye1_GeneCatalog_proteins_20160831.aa.fasta	1182544	DNA		28348446
Clibor1_GeneCatalog_proteins_20161122.aa.fasta	239101	DNA	v1.0	
Cligib1_GeneCatalog_proteins_20161107.aa.fasta	378275	DNA	v1.0	
Cloaq1_GeneCatalog_proteins_20160307.aa.fasta	1231657	DNA	v1.0	28481340
Cloro1_GeneCatalog_proteins_20150131.aa.fasta	29856	DNA	v1.0	
Cocba1_GeneCatalog_proteins_20140926.aa.fasta	1450531	DNA	v1.0	
Cocca1_GeneCatalog_proteins_20120427.aa.fasta	930089	DNA	v1.0	23357949
CocheC4_1_GeneCatalog_proteins_20110824.aa.fasta	665024	DNA	v1.0	23236275
CocheC5_3_GeneCatalog_proteins_20110901.aa.fasta	701091	DNA	v2.0	23236275
Cocim1_GeneCatalog_proteins_20130907.aa.fasta	246410	DNA		19717792
Coclu2_GeneCatalog_proteins_20120521.aa.fasta	977863	DNA	v2.0	23236275
Cocmi1_GeneCatalog_proteins_20120427.aa.fasta	930090	DNA	v1.0	23357949
Cocsa1_GeneCatalog_proteins_20110610.aa.fasta	665912	DNA	v1.0	23236275
Cocst1_GeneCatalog_proteins_20151128.aa.fasta	380015	DNA	v1.0	
Cocvi1_GeneCatalog_proteins_20120501.aa.fasta	930091	DNA	v1.0	23357949
Coemoj1_GeneCatalog_proteins_20180326.aa.fasta 	4864	DNA	v1.0	
Coere1_GeneCatalog_proteins_20110909.aa.fasta	763665	DNA	v1.0	25977457
Coespi1_GeneCatalog_proteins_20170411.aa.fasta	417178	DNA	v1.0	
Cokrec1_GeneCatalog_proteins_20170123.aa.fasta	90255	DNA	v1.0	
Colac2_GeneCatalog_proteins_20170414.aa.fasta	27357	DNA	v2.0	
Colca1_GeneCatalog_proteins_20150403.aa.fasta	5460	DNA	v1.0	
Colce1_GeneCatalog_proteins_20161230.aa.fasta	343994	DNA	v1.0	
Coler1_GeneCatalog_proteins_20141231.aa.fasta	1173702	DNA	v1.0	
Colfa1_GeneCatalog_proteins_20141228.aa.fasta	129314	DNA	v1.0	
Colfi1_GeneCatalog_proteins_20160218.aa.fasta	1445577	DNA		24723700
Colgo1_GeneCatalog_proteins_20160414.aa.fasta	1209918	DNA	v1.0	
Colgr1_GeneCatalog_proteins_20130906.aa.fasta	645133	DNA		22885923
Colhig2_GeneCatalog_proteins_20170214.aa.fasta	759273	DNA		27540062
Collu1_GeneCatalog_proteins_20160428.aa.fasta	145971	DNA	v1.0	
Colna1_GeneCatalog_proteins_20170406.aa.fasta	681940	DNA	v1.0	
Colny1_GeneCatalog_proteins_20160329.aa.fasta	1460502	DNA		
Color1_GeneCatalog_proteins_20161026.aa.fasta	1209926	DNA		
Colph1_GeneCatalog_proteins_20160704.aa.fasta	359342	DNA	v1.0	
Colsa1_GeneCatalog_proteins_20160329.aa.fasta	1209931	DNA		
Colsi1_GeneCatalog_proteins_20160329.aa.fasta	703756	DNA		
Colso1_GeneCatalog_proteins_20141229.aa.fasta	1500509	DNA	v1.0	
Colsu1_GeneCatalog_proteins_20150101.aa.fasta	1173701	DNA	v1.0	
Colto1_GeneCatalog_proteins_20170704.aa.fasta	708197	DNA		27150427
Colzo1_GeneCatalog_proteins_20150103.aa.fasta	1216348	DNA	v1.0	
Conap1_GeneCatalog_proteins_20160826.aa.fasta	1168221	DNA		28348446
Conco1_GeneCatalog_proteins_20120213.aa.fasta	796925	DNA	v1.0	25977457
Conli1_GeneCatalog_proteins_20130808.aa.fasta	177197	DNA		
Conlig1_GeneCatalog_proteins_20140604.aa.fasta	1408157	DNA	v1.0	28126934
Conol1_GeneCatalog_proteins_20151211.aa.fasta	85977	DNA	v1.0	29145801
ConPMI546_GeneCatalog_proteins_20140720.aa.fasta	1450552	DNA	v1.0	
Conpu1_GeneCatalog_proteins_20101116.aa.fasta	80637	DNA	v1.0	22745431
Conth1_GeneCatalog_proteins_20141003.aa.fasta	1314799	DNA	v1.0	
Copci_AmutBmut1_GeneCatalog_proteins_20130522.aa.fasta	1132390	DNA	v1.0	26510163
Copmar1_GeneCatalog_proteins_20151019.aa.fasta	230819	DNA	v1.0	
Copmic2_GeneCatalog_proteins_20150909.aa.fasta	71717	DNA	v2.0	
Coppel1_GeneCatalog_proteins_20151130.aa.fasta	575509	DNA	v1.0	
Coprinopsis_cinerea.proteins.fasta	5346	DNA		20547848
Copscl1_GeneCatalog_proteins_20151130.aa.fasta	71723	DNA	v1.0	
Corca1_GeneCatalog_proteins_20140615.aa.fasta	59586	DNA	v1.0	29551995
Corgl3_GeneCatalog_proteins_20130626.aa.fasta	1149754	DNA	v2.0	
Corma2_GeneCatalog_proteins_20150506.aa.fasta	45810	DNA	v2.0	
Cormi1_GeneCatalog_proteins_20131203.aa.fasta	983644	DNA		22112802
Cparasiticav2.GeneCatalog20091217.proteins.fasta	660469	DNA	v2.0	
Crafun1_GeneCatalog_proteins_20170607.aa.fasta	1954473	DNA	v1.0	
Crevar1_GeneCatalog_proteins_20151207.aa.fasta	179855	DNA	v1.0	
Croqu1_GeneCatalog_proteins_20120612.aa.fasta	708437	DNA	v1.0	25018762
Crula1_GeneCatalog_proteins_20151130.aa.fasta	68775	DNA	v1.0	
Crycu1_GeneCatalog_proteins_20150820.aa.fasta	57679	DNA	v1.0	
Cryne_JEC21_1_GeneCatalog_proteins_20120305.aa.fasta	214684	DNA		15653466
Crypo1_GeneCatalog_proteins_20161116.aa.fasta	940279	DNA	v1.0	
Crypto1_GeneCatalog_proteins_20171024.aa.fasta	1907526	DNA		
Cryptococcus_neoformans_H99.proteins.fasta	235443	DNA		24743168
Cryte1_GeneCatalog_proteins_20150926.aa.fasta	104414	DNA	v1.0	
Cryvi1_GeneCatalog_proteins_20130104.aa.fasta	89929	DNA	v1.0	
Crywi1_GeneCatalog_proteins_20160204.aa.fasta	104416	DNA	v1.0	
Cucbe1_GeneCatalog_proteins_20130102.aa.fasta	1168544	DNA	v1.0	
Cunech1_GeneCatalog_proteins_20170119.aa.fasta	76405	DNA	v1.0	
Cyastr2_GeneCatalog_proteins_20160525.aa.fasta	68777	DNA	v1.0	
Cybja1_GeneCatalog_proteins_20121210.aa.fasta	983966	DNA	v1.0	27535936
Cylto1_GeneCatalog_proteins_20130411.aa.fasta	394432	DNA	v1.0	25683379
Cypeu1_GeneCatalog_proteins_20160902.aa.fasta	1220924	DNA		28348446
Cysmur1_GeneCatalog_proteins_20160906.aa.fasta	467946	DNA	v1.0	
Cytch1_GeneCatalog_proteins_20171014.aa.fasta	252740	DNA	v1.0	
Cytmel1_GeneCatalog_proteins_20170103.aa.fasta	1883072	DNA	v1.0	
Dacsp1_GeneCatalog_proteins_20110131.aa.fasta	1858805	DNA	v1.0	22745431
Daequ1_GeneCatalog_proteins_20130110.aa.fasta	40437	DNA	v1.0	26659563
DalEC12_1_GeneCatalog_proteins_20111212.aa.fasta	292717	DNA	v1.0	28078400
Debha1_GeneCatalog_proteins_20130209.aa.fasta	4959	DNA		18673395
Decga1_GeneCatalog_proteins_20150425.aa.fasta	184978	DNA	v1.0	
Dekbr2_GeneCatalog_proteins_20120306.aa.fasta	747657	DNA	v2.0	22663979
Delco1_GeneCatalog_proteins_20140624.aa.fasta	1513339	DNA	v1.0	
Delst1_GeneCatalog_proteins_20160906.aa.fasta	147560	DNA	v1.0	
Denbi1_GeneCatalog_proteins_20131210.aa.fasta	1314807	DNA	v1.0	
Denna1_GeneCatalog_proteins_20180321.aa.fasta 	256645	DNA	v1.0	
Densp1_GeneCatalog_proteins_20150825.aa.fasta	1883078	DNA	v1.0	
Diaam1_GeneCatalog_proteins_20150926.aa.fasta	1214573	DNA		26084502
Dicele1_GeneCatalog_proteins_20170425.aa.fasta	101130	DNA	v1.0	
Dicsq1_GeneCatalog_proteins_20101110.aa.fasta	732165	DNA	v1.0	22745431
Didex1_GeneCatalog_proteins_20120924.aa.fasta	1150837	DNA	v1.0	
Didma1_GeneCatalog_proteins_20160126.aa.fasta	259522	DNA		
Didsa1_GeneCatalog_proteins_20170324.aa.fasta	372059	DNA	v1.0	
DimcrSC1_GeneCatalog_proteins_20151223.aa.fasta	215637	DNA	v1.0	
Diocr1_GeneCatalog_proteins_20130123.aa.fasta	603311	DNA	v1.0	
Dipse1_GeneCatalog_proteins_20150930.aa.fasta	420778	DNA		26084502
Disac1_GeneCatalog_proteins_20130805.aa.fasta	112489	DNA	v1.0	
Dotse1_GeneCatalog_proteins_20100818.aa.fasta	675120	DNA	v1.0	23209441
Dotsy1_GeneCatalog_proteins_20131210.aa.fasta	548649	DNA	v1.0	
Earsca1_GeneCatalog_proteins_20171018.aa.fasta	239200	DNA	v1.0	
Elmca1_GeneCatalog_proteins_20140827.aa.fasta	1397355	DNA		
Elsamp1_GeneCatalog_proteins_20151205.aa.fasta	302913	DNA	v1.0	
Enccu1_GeneCatalog_proteins_20130927.aa.fasta	284813	DNA		20003517
Enche1_GeneCatalog_proteins_20131209.aa.fasta	907965	DNA		22802648
Encin1_GeneCatalog_proteins_20131101.aa.fasta	876142	DNA		20865802
Encro1_GeneCatalog_proteins_20131209.aa.fasta	1178016	DNA		22802648
EndpusZ1_GeneCatalog_proteins_20161028.aa.fasta	1263415	DNA		24438332
Entbi1_GeneCatalog_proteins_20140106.aa.fasta	481877	DNA		19132089
Enthel1_GeneCatalog_proteins_20161121.aa.fasta	281842	DNA	v1.0	
Entma1_GeneCatalog_proteins_20161112.aa.fasta	97380	DNA	v1.0	
Erebi1_GeneCatalog_proteins_20150104.aa.fasta	1341166	DNA	v1.0	
Eryha1_GeneCatalog_proteins_20141112.aa.fasta	1397323	DNA	v1.0	
Erynec1_GeneCatalog_proteins_20170914.aa.fasta	52586	DNA		25487071
Eurhe1_GeneCatalog_proteins_20120312.aa.fasta	396024	DNA	v1.0	24811710
Eutla1_GeneCatalog_proteins_20130916.aa.fasta	1287681	DNA		23723393
Exigl1_GeneCatalog_proteins_20130529.aa.fasta	5219	DNA	v1.0	26659563
Exoalc1_GeneCatalog_proteins_20160519.aa.fasta	91920	DNA	v1.0	
Exoaq1_GeneCatalog_proteins_20160901.aa.fasta	1182545	DNA		28348446
Exode1_GeneCatalog_proteins_20160902.aa.fasta	5970	DNA		24496724
Exomac1_GeneCatalog_proteins_20171101.aa.fasta	1493668	DNA	v1.0	
Exome1_GeneCatalog_proteins_20160902.aa.fasta	212818	DNA		28348446
Exool1_GeneCatalog_proteins_20160902.aa.fasta	215243	DNA		28348446
Exosi1_GeneCatalog_proteins_20160902.aa.fasta	1016849	DNA		28348446
Exosp1_GeneCatalog_proteins_20160827.aa.fasta	91928	DNA		28348446
Exova1_GeneCatalog_proteins_20131210.aa.fasta	1314671	DNA	v1.0	
Exoxe1_GeneCatalog_proteins_20160828.aa.fasta	348802	DNA		28348446
Felpe1_GeneCatalog_proteins_20160326.aa.fasta	5610	DNA	v1.0	
Fenlin1_GeneCatalog_proteins_20170109.aa.fasta	101135	DNA	v1.0	
Fenlin1_GeneCatalog_proteins_20170109.aa.fasta	1329386	DNA		
Fibin1_GeneCatalog_proteins_20151214.aa.fasta	57688	DNA	v1.0	
Fibra1_GeneCatalog_proteins_20131030.aa.fasta	1078123	DNA		22247176
Fibsp1_GeneCatalog_proteins_20131122.aa.fasta	56747	DNA	v1.0	26659563
Fishe1_GeneCatalog_proteins_20130122.aa.fasta	40457	DNA	v1.0	25683379
Fomfom1_GeneCatalog_proteins_20170620.aa.fasta	40442	DNA	v1.0	
Fomme1_GeneCatalog_proteins_20101122.aa.fasta	208960	DNA	v1.0	22745431
Fompi3_GeneCatalog_proteins_20120705.aa.fasta	743788	DNA	v3.0	22745431
Fomro1_GeneCatalog_proteins_20180323.aa.fasta 	34475	DNA	v1.0	
Fonmo1_GeneCatalog_proteins_20170704.aa.fasta	254056	DNA		27469960
Fonmu1_GeneCatalog_proteins_20160827.aa.fasta	1442371	DNA		28348446
Fonnu1_GeneCatalog_proteins_20170705.aa.fasta	856822	DNA		27491988
Fonpe1_GeneCatalog_proteins_20160901.aa.fasta	1442368	DNA		28348446
Fusfu1_GeneCatalog_proteins_20130915.aa.fasta	1279085	DNA		23825955
Fusgr1_GeneCatalog_proteins_20110524.aa.fasta	5518	DNA	v1.0	17823352
Fusox2_GeneCatalog_proteins_20150720.aa.fasta	426428	DNA	v2	20237561
Fusps1_GeneCatalog_proteins_20170707.aa.fasta	1028729	DNA		23028337
Fusre1_GeneCatalog_proteins_20170625.aa.fasta	48865	DNA	v1.0	
Fusve2_GeneCatalog_proteins_20150720.aa.fasta	334819	DNA	v2	20237561
Gaegr1_GeneCatalog_proteins_20131203.aa.fasta	644352	DNA		26416668
Gaesem1_GeneCatalog_proteins_20161012.aa.fasta	109897	DNA	v1.0	
Galma1_GeneCatalog_proteins_20110628.aa.fasta	109633	DNA	v1.0	24958869
Ganpr1_GeneCatalog_proteins_20111215.aa.fasta	1123529	DNA	v1.0	25977457
Gansp1_GeneCatalog_proteins_20110326.aa.fasta	5314	DNA	v1.0	23935031
Gaumor1_1_GeneCatalog_proteins_20160412.aa.fasta	112417	DNA	v1.0	
Gelte1_GeneCatalog_proteins_20171129.aa.fasta	94610	DNA		
Gilper1_GeneCatalog_proteins_20161121.aa.fasta	983150	DNA	v1.0	
Glalo1_GeneCatalog_proteins_20131021.aa.fasta	1116229	DNA		23688303
Gloac1_GeneCatalog_proteins_20121120.aa.fasta	1314772	DNA	v1.0	
Gloci1_GeneCatalog_proteins_20121001.aa.fasta	1314770	DNA	v1.0	
Glocon1_GeneCatalog_proteins_20160910.aa.fasta	205761	DNA	v1.0	
Gloin1_GeneCatalog_proteins_20120510.aa.fasta	747089	DNA	v1.0	29355972
Glopol1_GeneCatalog_proteins_20160812.aa.fasta	382532	DNA	v1.0	
Glost2_GeneCatalog_proteins_20140303.aa.fasta	574774	DNA	v1.0	27601008
Glotr1_1_GeneCatalog_proteins_20100921.aa.fasta	104355	DNA	v1.0	22745431
Golci1_GeneCatalog_proteins_20171201.aa.fasta 	62708	DNA	v1.0	
Gonbut1_GeneCatalog_proteins_20160804.aa.fasta	101105	DNA	v1.0	
Greab1_GeneCatalog_proteins_20170403.aa.fasta	127520	DNA	v1.0	
Grocl1_GeneCatalog_proteins_20131017.aa.fasta	655863	DNA		21262841
Guyne1_GeneCatalog_proteins_20140406.aa.fasta	1450536	DNA	v1.0	
Gyman1_GeneCatalog_proteins_20140729.aa.fasta	1447944	DNA	v1.0	
Gymau1_GeneCatalog_proteins_20130805.aa.fasta	78594	DNA	v1.0	
Gymch1_GeneCatalog_proteins_20140623.aa.fasta	1314808	DNA	v1.0	
Gymci1_1_GeneCatalog_proteins_20130902.aa.fasta	37245	DNA	v1.1	
Gymear1_GeneCatalog_proteins_20160910.aa.fasta	236213	DNA	v1.0	
Gymjun1_GeneCatalog_proteins_20160705.aa.fasta	109634	DNA	v1.0	
Gymlu1_GeneCatalog_proteins_20110803.aa.fasta	206324	DNA	v1.0	25706625
Gyresc1_GeneCatalog_proteins_20160326.aa.fasta	33161	DNA	v1.0	
Gyrli1_GeneCatalog_proteins_20140325.aa.fasta	1450528	DNA	v1.0	
Hannosum_v2.FilteredModels1.proteins.fasta	13563	DNA	v2.0	22463738
Hanpo2_GeneCatalog_proteins_20100927.aa.fasta	638633	DNA	v2.0	27535936
Hanva1_1_GeneCatalog_proteins_20120316.aa.fasta	766949	DNA	v1.1	27535936
Hebcy2_GeneCatalog_proteins_20120913.aa.fasta	686832	DNA	v2.0	25706625
Helsul1_GeneCatalog_proteins_20150720.aa.fasta	5364	DNA	v1.0	
Herpot1_1_GeneCatalog_proteins_20180323.aa.fasta 	1755428	DNA	v1.0	
Hesve2finisherSC_GeneCatalog_proteins_20150707.aa.fasta	101127	DNA	v2.0	28481340
Hetpy1_GeneCatalog_proteins_20140310.aa.fasta	1397325	DNA	v1.0	
Hexnit1_GeneCatalog_proteins_20170619.aa.fasta	1140402	DNA	v1.0	
Hisca1_GeneCatalog_proteins_20130826.aa.fasta	339724	DNA		19717792
Hompol1_GeneCatalog_proteins_20160803.aa.fasta	166479	DNA	v1.0	
Horac1_GeneCatalog_proteins_20160326.aa.fasta	245834	DNA	v1.0	
Horwer1_GeneCatalog_proteins_20160803.aa.fasta	91943	DNA	v1.0	23977017
Hyabl1_GeneCatalog_proteins_20150410.aa.fasta	138530	DNA	v1.0	
Hydfim1_GeneCatalog_proteins_20160510.aa.fasta	378272	DNA	v1.0	
Hydpi2_GeneCatalog_proteins_20120511.aa.fasta	388859	DNA	v2.0	25706625
Hydru2_GeneCatalog_proteins_20150110.aa.fasta	1448309	DNA	v2.0	
Hymrad1_GeneCatalog_proteins_20151222.aa.fasta	937743	DNA	v1.0	
Hymvar1_GeneCatalog_proteins_20161013.aa.fasta	354079	DNA	v1.0	
Hypbu1_GeneCatalog_proteins_20120125.aa.fasta	984485	DNA	v1.0	27535936
HypCI4A_1_GeneCatalog_proteins_20111212.aa.fasta	1001833	DNA	v1.0	28078400
HypCO275_1_GeneCatalog_proteins_20120126.aa.fasta	1001938	DNA	v1.0	28078400
HypEC38_3_GeneCatalog_proteins_20130613.aa.fasta	1001937	DNA	v3.0	28078400
Hypsu1_GeneCatalog_proteins_20110822.aa.fasta	71945	DNA	v1.0	25706625
Hyspu1_1_GeneCatalog_proteins_20150205.aa.fasta	100027	DNA		23236275
Ilyeu1_GeneCatalog_proteins_20170627.aa.fasta	1079114	DNA	v1.0	
Ilyrob1_GeneCatalog_proteins_20161014.aa.fasta	1079257	DNA	v1.0	
Ilysp1_GeneCatalog_proteins_20121116.aa.fasta	1079112	DNA	v1.0	
Irplac1_GeneCatalog_proteins_20170103.aa.fasta	5319	DNA	v1.0	
Jaaar1_GeneCatalog_proteins_20110803.aa.fasta	202697	DNA	v1.0	24958869
Jamsp1_GeneCatalog_proteins_20141226.aa.fasta	1569628	DNA	v1.0	
Kalpfe1_GeneCatalog_proteins_20151214.aa.fasta	139406	DNA	v1.0	
Karrh1_GeneCatalog_proteins_20140225.aa.fasta	1392251	DNA	v1.0	
Kazaf1_GeneCatalog_proteins_20150111.aa.fasta	1071382	DNA		22123960
Khuory1_GeneCatalog_proteins_20160404.aa.fasta	668251	DNA	v1.0	
Kicala1_GeneCatalog_proteins_20170410.aa.fasta	61397	DNA	v1.0	
Klula1_GeneCatalog_proteins_20130227.aa.fasta	28985	DNA		15229592
Kocim1_GeneCatalog_proteins_20160906.aa.fasta	4999	DNA	v1.0	28481340
Kurca1_GeneCatalog_proteins_20160819.aa.fasta	1382522	DNA		24317973
Lacam2_GeneCatalog_proteins_20150823.aa.fasta	89243	DNA	v2.0	25706625
Lacbi2_GeneCatalog_proteins_20110203.aa.fasta	29883	DNA	v2.0	18322534
Lacqui1_GeneCatalog_proteins_20160525.aa.fasta	111141	DNA	v1.0	
Lacsub1_GeneCatalog_proteins_20170114.aa.fasta	1837270	DNA	v1.0	
Lacvol1_GeneCatalog_proteins_20161025.aa.fasta	71967	DNA	v1.0	
Laesu1_GeneCatalog_proteins_20130128.aa.fasta	447506	DNA	v1.0	26659563
Lashir1_GeneCatalog_proteins_20170729.aa.fasta	260670	DNA	v1.0	
Lasmin1_GeneCatalog_proteins_20170616.aa.fasta	1954250	DNA		
Lasov1_GeneCatalog_proteins_20171021.aa.fasta	92902	DNA	v1.0	
LecAK0013_1_GeneCatalog_proteins_20170213.aa.fasta	1884255	DNA		
Leisp1_GeneCatalog_proteins_20141127.aa.fasta	1513325	DNA	v1.0	
Lenedo1_GeneCatalog_proteins_20170719.aa.fasta	5353	DNA	v1.0	
Lenfl1_GeneCatalog_proteins_20121217.aa.fasta	690899	DNA	v1.0	
Lenlat1_GeneCatalog_proteins_20170901.aa.fasta	40482	DNA	v1.0	
Lenrap1_GeneCatalog_proteins_20170901.aa.fasta	153919	DNA	v1.0	
Lenti6_1_GeneCatalog_proteins_20130903.aa.fasta	1328759	DNA	v1.0	
Lenti7_1_GeneCatalog_proteins_20130905.aa.fasta	1328758	DNA	v1.0	
Lenvul1_GeneCatalog_proteins_20150718.aa.fasta	156609	DNA	v1.0	
Lepmu1_GeneCatalog_proteins_20110301.aa.fasta	5022	DNA		21326234
Lepnud1_GeneCatalog_proteins_20151208.aa.fasta	64659	DNA	v1.0	
Lepor2_GeneCatalog_proteins_20171210.aa.fasta 	1732013	DNA	v1.0	
Leppa1_GeneCatalog_proteins_20130322.aa.fasta	741139	DNA	v1.0	27601008
Leptod1_GeneCatalog_proteins_20151130.aa.fasta	1485227	DNA		
Leucr1_GeneCatalog_proteins_20160201.aa.fasta	106004	DNA	v1.0	28481340
Leugo1_1_GeneCatalog_proteins_20141030.aa.fasta	79220	DNA		23584789
Leumo1_GeneCatalog_proteins_20131220.aa.fasta	85980	DNA	v1.0	
Liccor1_GeneCatalog_proteins_20160306.aa.fasta	42458	DNA		25121733
Lichy1_GeneCatalog_proteins_20130506.aa.fasta	420593	DNA	v1.0	
Linin1_GeneCatalog_proteins_20141206.aa.fasta	673940	DNA	v1.0	
Linpe1_GeneCatalog_proteins_20150915.aa.fasta	61395	DNA	v1.0	28481340
Linrh1_GeneCatalog_proteins_20160326.aa.fasta	578093	DNA	v1.0	
Linth1_GeneCatalog_proteins_20150309.aa.fasta	45816	DNA	v1.0	
Lipst1_1_GeneCatalog_proteins_20110609.aa.fasta	675824	DNA	v1.0	27535936
Lizem1_GeneCatalog_proteins_20150430.aa.fasta	1496277	DNA	v1.0	
Lobpul1_GeneCatalog_proteins_20170213.aa.fasta	86794	DNA	v1.0	
Lobtra1_GeneCatalog_proteins_20160303.aa.fasta	64571	DNA	v1.0	28481340
Lodelo1_GeneCatalog_proteins_20161026.aa.fasta	379508	DNA		19465905
Lolmi1_GeneCatalog_proteins_20150504.aa.fasta	151671	DNA	v1.0	
Lopma1_GeneCatalog_proteins_20130805.aa.fasta	372055	DNA	v1.0	
Lopmy1_GeneCatalog_proteins_20140604.aa.fasta	1447936	DNA	v1.0	
Lopni1_GeneCatalog_proteins_20150213.aa.fasta	1897082	DNA	v1.0	
Lopnu1_GeneCatalog_proteins_20160906.aa.fasta	690887	DNA	v1.0	
Lorju1_GeneCatalog_proteins_20150110.aa.fasta	132173	DNA	v1.0	
Lorma1_GeneCatalog_proteins_20160326.aa.fasta	380016	DNA	v1.0	
Lycper1_GeneCatalog_proteins_20161001.aa.fasta	90686	DNA	v1.0	
Macan1_GeneCatalog_proteins_20140424.aa.fasta	1447947	DNA	v1.0	
Macfu1_GeneCatalog_proteins_20130625.aa.fasta	1400762	DNA	v1.0	
Macph1_GeneCatalog_proteins_20131211.aa.fasta	1126212	DNA		22992219
Macph1_GeneCatalog_proteins_20131211.aa.fasta	35725	DNA	v1.0	
Maggr1_GeneCatalog_proteins_20110524.aa.fasta	148305	DNA	v1.0	15846337
Magpo1_GeneCatalog_proteins_20150720.aa.fasta	644358	DNA		
Malassezia_globosa.proteins.fasta	76773	DNA		18000048
Malsy1_1_GeneCatalog_proteins_20140109.aa.fasta	1230383	DNA		23341551
Marbr1_GeneCatalog_proteins_20141203.aa.fasta	1072389	DNA		22876864
Marfi1_GeneCatalog_proteins_20141220.aa.fasta	1328756	DNA	v1.0	
MarPMI226_GeneCatalog_proteins_20161118.aa.fasta	1896173	DNA	v1.0	
Marpt1_GeneCatalog_proteins_20140919.aa.fasta	61414	DNA	v1.0	
Maseb1_GeneCatalog_proteins_20141122.aa.fasta	1395130	DNA	v1.0	
Masph1_GeneCatalog_proteins_20160922.aa.fasta	100035	DNA	v1.0	
Meimi1_GeneCatalog_proteins_20150112.aa.fasta	1280837	DNA	v1.0	
Melap1finSC_191_GeneCatalog_proteins_20160125.aa.fasta	242475	DNA	v1.0	
Melbi2_GeneCatalog_proteins_20130225.aa.fasta	1095630	DNA	v2.0	29315638
Melen1_GeneCatalog_proteins_20160411.aa.fasta	84746	DNA	v1.0	
Melli1_GeneCatalog_proteins_20150227.aa.fasta	5261	DNA		24715894
Mellp2_3_GeneCatalog_proteins_20151130.aa.fasta	203908	DNA	v2.0	
Melpu1_GeneCatalog_proteins_20130415.aa.fasta	100047	DNA	v1.0	
Melsp1_GeneCatalog_proteins_20121023.aa.fasta	1155946	DNA	v1.0	
Melti1_GeneCatalog_proteins_20150427.aa.fasta	2038071	DNA	v1.0	
Melva1_GeneCatalog_proteins_20130406.aa.fasta	1149755	DNA	v1.0	29315638
Mereb1_GeneCatalog_proteins_20150713.aa.fasta	1408158	DNA	v1.0	
Metac1_GeneCatalog_proteins_20131003.aa.fasta	655827	DNA		21253567
Metbi1_GeneCatalog_proteins_20120327.aa.fasta	27322	DNA	v1.0	27535936
Metfru2_GeneCatalog_proteins_20170818.aa.fasta	1200864	DNA		23496978
Metro1_GeneCatalog_proteins_20161101.aa.fasta	655844	DNA		25368161
Meygui1_GeneCatalog_proteins_20160903.aa.fasta	294746	DNA		19465905
Mfijiensis_v2.FrozenGeneCatalog_20100402.proteins.fasta	1873960	DNA	v2.0	27512984
Mgraminicolav2.FrozenGeneCatalog20080910.proteins.fasta	1047171	DNA	v2.0	21695235
Micbo1_GeneCatalog_proteins_20151118.aa.fasta	196109	DNA	v1.0	27125481
Micca1_GeneCatalog_proteins_20130828.aa.fasta	554155	DNA		22951933
Micld1_GeneCatalog_proteins_20161101.aa.fasta	683840	DNA		26076695
Micmi1_GeneCatalog_proteins_20150625.aa.fasta	1450532	DNA	v1.0	
Mictr1_GeneCatalog_proteins_20140926.aa.fasta	1314796	DNA	v1.0	
Mictri1_GeneCatalog_proteins_20170510.aa.fasta	1682393	DNA	v1.0	
Mixos1_GeneCatalog_proteins_20120207.aa.fasta	764103	DNA	v1.0	24372469
Moeaph1_GeneCatalog_proteins_20170701.aa.fasta	1391700	DNA		24526638
Monha1_GeneCatalog_proteins_20131210.aa.fasta	430498	DNA		24244185
Monili2_GeneCatalog_proteins_20170731.aa.fasta	1954213	DNA	v1.0	
Monpe1_1_GeneCatalog_proteins_20131213.aa.fasta	554373	DNA		19019209
Monpu1_GeneCatalog_proteins_20130806.aa.fasta	5098	DNA	v1.0	
Monru1_GeneCatalog_proteins_20121211.aa.fasta	89489	DNA	v1.0	
Morco1_GeneCatalog_proteins_20140113.aa.fasta	1392247	DNA	v1.0	
Morel2_GeneCatalog_proteins_20151120.aa.fasta	1314771	DNA	v2.0	28076891
Morel2_GeneCatalog_proteins_20151120.aa.fasta	310910	DNA	v1.0	
Morimp1_GeneCatalog_proteins_20150807.aa.fasta	1174673	DNA	v1.0	
Mormul1_GeneCatalog_proteins_20160906.aa.fasta	101098	DNA	v1.0	
Morve1_GeneCatalog_proteins_20161024.aa.fasta	1069443	DNA		
Mrafri1_GeneCatalog_proteins_20160413.aa.fasta	29902	DNA	v1.0	
Mucor_circinelloides_v2_filtered_proteins.fasta	36080	DNA	v2.0	27238284
Muloch1_GeneCatalog_proteins_20170119.aa.fasta	376703	DNA	v1.0	
Mutel1_GeneCatalog_proteins_20150215.aa.fasta	288524	DNA	v1.0	
Myc59_1_GeneCatalog_proteins_20170610.aa.fasta	41247	DNA	v1.0	
Mycafr1_GeneCatalog_proteins_20160506.aa.fasta	64632	DNA	v1.0	
Mycalb1_GeneCatalog_proteins_20180325.aa.fasta	1033008	DNA	v1.0	
Mycale1_GeneCatalog_proteins_20171027.aa.fasta	1745969	DNA	v1.0	
Mycami1_GeneCatalog_proteins_20171027.aa.fasta	380012	DNA	v1.0	
Mycbel1_GeneCatalog_proteins_20171013.aa.fasta	1033014	DNA	v1.0	
Myccro1_GeneCatalog_proteins_20171013.aa.fasta	220801	DNA	v1.0	
Mycepi1_GeneCatalog_proteins_20171002.aa.fasta	230806	DNA	v1.0	
Mycfil1_GeneCatalog_proteins_20171109.aa.fasta	858877	DNA	v1.0	
Mycflo1_GeneCatalog_proteins_20171028.aa.fasta	1033242	DNA	v1.0	
Mycgal1_GeneCatalog_proteins_20160823.aa.fasta	1314675	DNA	v1.0	
Mychae1_GeneCatalog_proteins_20170323.aa.fasta	230807	DNA	v1.0	
Myche1_GeneCatalog_proteins_20150518.aa.fasta	1149849	DNA	v1.0	
Mychet1_GeneCatalog_proteins_20170418.aa.fasta	1149848	DNA	v1.0	
Mycreb1_GeneCatalog_proteins_20171023.aa.fasta	1045383	DNA	v1.0	
Mycros1_GeneCatalog_proteins_20170424.aa.fasta	1033263	DNA	v1.0	
Mycrub1_GeneCatalog_proteins_20170201.aa.fasta	230804	DNA	v1.0	
Mycsan1_GeneCatalog_proteins_20171021.aa.fasta	230812	DNA	v1.0	
Mycvit1_GeneCatalog_proteins_20171013.aa.fasta	1033281	DNA	v1.0	
Myrdu1_GeneCatalog_proteins_20121211.aa.fasta	1168546	DNA	v1.0	
Myrin1_GeneCatalog_proteins_20140928.aa.fasta	110576	DNA	v1.0	
Mytre1_GeneCatalog_proteins_20150115.aa.fasta	574789	DNA	v1.0	
N.tetrasperma_matA_v2_FilteredModels.proteins.fasta	510951	DNA	v2.0	21750257
Nadfu1_GeneCatalog_proteins_20110909.aa.fasta	857566	DNA	v1.0	27535936
Naifl1_GeneCatalog_proteins_20140403.aa.fasta	1397326	DNA	v1.0	
Nakbac1_GeneCatalog_proteins_20160804.aa.fasta	1279116	DNA		24034898
Nakdel1_GeneCatalog_proteins_20160805.aa.fasta	1279113	DNA		24034898
Naose1_GeneCatalog_proteins_20150719.aa.fasta	1397327	DNA	v1.0	
Ndiscreta.FilteredModels2.proteins.fasta	510953	DNA		
Necha2_best_proteins.fasta	140110	DNA	v2.0	19714214
Nempa1_GeneCatalog_proteins_20130904.aa.fasta	881290	DNA		22813931
Neodi1_GeneCatalog_proteins_20170711.aa.fasta	78410	DNA		26586869
Neofi1_GeneCatalog_proteins_20120815.aa.fasta	331117	DNA		22080559
Neoirr1_GeneCatalog_proteins_20160803.aa.fasta	48691	DNA	v1.0	28176784
Neole1_GeneCatalog_proteins_20130125.aa.fasta	38799	DNA	v1.0	26659563
Neopa1_GeneCatalog_proteins_20130909.aa.fasta	1287680	DNA		23766404
Neosp1_GeneCatalog_proteins_20170918.aa.fasta	1754190	DNA	v1.0	28555641
Neucr_trp3_1_GeneCatalog_proteins_20140324.aa.fasta	5141	DNA	v1.0	25838471
Neucr2_GeneCatalog_proteins_20130412.aa.fasta	367110	DNA	v2.0	12712197
Neuhi1_GeneCatalog_proteins_20171014.aa.fasta	588809	DNA	v1.0	
Nieex1_GeneCatalog_proteins_20140925.aa.fasta	267680	DNA	v1.0	
Nosce1_GeneCatalog_proteins_20140109.aa.fasta	578460	DNA		19503607
Ntetrasperma_mata.FilteredModels1.proteins.fasta	510952	DNA	v1.0	
Obbri1_GeneCatalog_proteins_20140615.aa.fasta	1052685	DNA	v1.0	27634999
Obemuc1_GeneCatalog_proteins_20171120.aa.fasta	110081	DNA	v1.0	
Ogapa1_GeneCatalog_proteins_20161024.aa.fasta	871575	DNA		
Oidma1_GeneCatalog_proteins_20110606.aa.fasta	913774	DNA	v1.0	25706625
Olipa1_GeneCatalog_proteins_20171127.aa.fasta	1026881	DNA	v1.0	
Ompol1_GeneCatalog_proteins_20130516.aa.fasta	72120	DNA		22726691
Onnsc1_GeneCatalog_proteins_20150419.aa.fasta	1496296	DNA	v1.0	
Ophdi1_GeneCatalog_proteins_20140614.aa.fasta	1469910	DNA	v1.0	
Ophnu1_GeneCatalog_proteins_20170425.aa.fasta	1224258	DNA		23542132
Ophpi1_GeneCatalog_proteins_20130808.aa.fasta	38032	DNA		
Ophpic1_GeneCatalog_proteins_20151205.aa.fasta	1262450	DNA		23725015
Orpsp1_1_GeneCatalog_proteins_20140826.aa.fasta	37163	DNA		23709508
Oudmuc1_GeneCatalog_proteins_20160525.aa.fasta	139077	DNA	v1.0	
Pacta1_2_GeneCatalog_proteins_20110630.aa.fasta	669874	DNA	v1.2	27535936
Panpap1_GeneCatalog_proteins_20170130.aa.fasta	330517	DNA	v1.0	
Panru1_GeneCatalog_proteins_20141214.aa.fasta	1314784	DNA	v1.0	
Panst_KUC8834_1_1_GeneCatalog_proteins_20140710.aa.fasta	5636	DNA	v1.1	
Parbr1_GeneCatalog_proteins_20131018.aa.fasta	482561	DNA		22046142
Parbra1_GeneCatalog_proteins_20161024.aa.fasta	502780	DNA		22046142
Parch1_GeneCatalog_proteins_20171014.aa.fasta	798071	DNA	v1.0	
Parpar1_GeneCatalog_proteins_20160126.aa.fasta	35722	DNA	v1.0	
Parsed1_GeneCatalog_proteins_20170905.aa.fasta	1500003	DNA	v1.0	
Parsp1_GeneCatalog_proteins_20141011.aa.fasta	1460663	DNA	v1.0	27434633
Patat1_GeneCatalog_proteins_20130514.aa.fasta	703506	DNA	v1.0	
Paxam1_GeneCatalog_proteins_20150425.aa.fasta	1132860	DNA	v1.0	
Paxin1_GeneCatalog_proteins_20110501.aa.fasta	664439	DNA	v1.0	25706625
Paxru2_GeneCatalog_proteins_20151118.aa.fasta	1842050	DNA	v2.0	25706625
Penac1_GeneCatalog_proteins_20140123.aa.fasta	36649	DNA	v1.0	
Penant1_GeneCatalog_proteins_20170601.aa.fasta	416450	DNA		28368369
Penbi1_GeneCatalog_proteins_20130602.aa.fasta	1314792	DNA	v1.0	
Penbr2_GeneCatalog_proteins_20130810.aa.fasta	5074	DNA	v2.0	
PenbrAgRF18_1_GeneCatalog_proteins_20131217.aa.fasta	1392249	DNA	v1.0	
Penca1_GeneCatalog_proteins_20130524.aa.fasta	1314794	DNA	v1.0	
Pench1_GeneCatalog_proteins_20120123.aa.fasta	5076	DNA	v1.0	28196534
PenchWisc1_1_GeneCatalog_proteins_20140114.aa.fasta	500485	DNA		18820685
Pencop1_GeneCatalog_proteins_20170602.aa.fasta	36646	DNA		28368369
Pendec1_GeneCatalog_proteins_20170601.aa.fasta	69771	DNA		28368369
Pendi1_GeneCatalog_proteins_20131020.aa.fasta	1170229	DNA		23171342
Pendig1_GeneCatalog_proteins_20170607.aa.fasta	1170230	DNA		23171342
Penex1_GeneCatalog_proteins_20130524.aa.fasta	1314791	DNA	v1.0	
Penexp1_GeneCatalog_proteins_20170706.aa.fasta	27334	DNA		25338147
Penfe1_GeneCatalog_proteins_20130528.aa.fasta	1314795	DNA	v1.0	
Penfla1_GeneCatalog_proteins_20170601.aa.fasta	254877	DNA		28368369
Pengl1_GeneCatalog_proteins_20130524.aa.fasta	1314793	DNA	v1.0	
Pengri1_GeneCatalog_proteins_20170607.aa.fasta	5078	DNA		26729047
Penita1_GeneCatalog_proteins_20170607.aa.fasta	40296	DNA		25338147
Penja1_GeneCatalog_proteins_20140203.aa.fasta	1397297	DNA	v1.0	
Penla1_GeneCatalog_proteins_20130529.aa.fasta	1346256	DNA	v1.0	
Pennal1_GeneCatalog_proteins_20170601.aa.fasta	1439352	DNA		28368369
Penox1_GeneCatalog_proteins_20131211.aa.fasta	933388	DNA		23383313
Penpol1_GeneCatalog_proteins_20170601.aa.fasta	60169	DNA		28368369
Penra1_GeneCatalog_proteins_20140107.aa.fasta	1392252	DNA	v1.0	
Pensol1_GeneCatalog_proteins_20170601.aa.fasta	60172	DNA		28368369
Penste1_GeneCatalog_proteins_20170601.aa.fasta	303698	DNA		28368369
Pensub1_GeneCatalog_proteins_20160929.aa.fasta	1316194	DNA		28216099
Penswi1_GeneCatalog_proteins_20171024.aa.fasta	1295096	DNA	v1.0	
Penth1_GeneCatalog_proteins_20150617.aa.fasta	293382	DNA	v1.0	27521635
Penvul1_GeneCatalog_proteins_20170601.aa.fasta	29845	DNA		28368369
Perma1_GeneCatalog_proteins_20141217.aa.fasta	97972	DNA	v1.0	29679020
Pezech1_GeneCatalog_proteins_20180326.aa.fasta 	61495	DNA	v1.0	
Phaal1_GeneCatalog_proteins_20130924.aa.fasta	1286976	DNA		23814032
Phaart1_GeneCatalog_proteins_20160822.aa.fasta	60185	DNA	v1.0	
Phaca1_GeneCatalog_proteins_20101213.aa.fasta	650164	DNA	v1.0	22937793
Phach1_GeneCatalog_proteins_20150930.aa.fasta	158046	DNA		26084502
PhaeoFL0889_1_GeneCatalog_proteins_20170418.aa.fasta	65412	DNA	v1.0	
PhaPMI808_GeneCatalog_proteins_20160324.aa.fasta	5020	DNA	v1.0	
Phapo1_GeneCatalog_proteins_20180321.aa.fasta 	1508275	DNA	v1.0	
Phchr2_GeneCatalog_proteins_20131210.aa.fasta	273507	DNA	v2.2	24853079
Phcit1_GeneCatalog_proteins_20161221.aa.fasta	989973	DNA	v1.0	
Phcitr1_GeneCatalog_proteins_20170113.aa.fasta	1130410	DNA	v1.0	
Phefer1_GeneCatalog_proteins_20170510.aa.fasta	167367	DNA	v1.0	
Pheign1_1_GeneCatalog_proteins_20180321.aa.fasta	40472	DNA	v1.0	
Pheni1_GeneCatalog_proteins_20180304.aa.fasta 	127956	DNA	v1.0	
Phiatt1_GeneCatalog_proteins_20170914.aa.fasta	1664694	DNA		26586868
Phimu1_GeneCatalog_proteins_20171129.aa.fasta 	1709938	DNA	v1.0	
Phisc1_GeneCatalog_proteins_20150213.aa.fasta	149040	DNA	v1.0	26950333
Phlbr1_GeneCatalog_proteins_20110325.aa.fasta	747484	DNA	v1.0	23935031
Phlcen1_GeneCatalog_proteins_20160929.aa.fasta	98765	DNA		29622620
Phlgi1_GeneCatalog_proteins_20110614.aa.fasta	82310	DNA	v1.0	25474575
Phoaln1_GeneCatalog_proteins_20160826.aa.fasta	109635	DNA	v1.0	
Phocon1_GeneCatalog_proteins_20151025.aa.fasta	109636	DNA	v1.0	
Phohig1_GeneCatalog_proteins_20171206.aa.fasta  	181755	DNA	v1.0	
Photr1_GeneCatalog_proteins_20140424.aa.fasta	1408161	DNA	v1.0	
Phy27169_GeneCatalog_proteins_20170510.aa.fasta	1907483	DNA	v1.0	
Phycap1_GeneCatalog_proteins_20170217.aa.fasta	121624	DNA	v1.0	
Phycit1_GeneCatalog_proteins_20140925.aa.fasta	595635	DNA	v1.0	
Phycitr1_GeneCatalog_proteins_20170406.aa.fasta	55181	DNA	v1.0	
Phycomyces_blakesleeanus_v2_filtered_proteins.fasta	763407	DNA	v2.0	27238284
Phycpc1_GeneCatalog_proteins_20170406.aa.fasta	1882840	DNA	v1.0	
Picme2_GeneCatalog_proteins_20111110.aa.fasta	4926	DNA	v2.0	27535936
Picpa1_GeneCatalog_proteins_20130227.aa.fasta	4922	DNA		19465926
Pieho1_1_GeneCatalog_proteins_20130807.aa.fasta	147573	DNA	v1.1	
Pilano1_GeneCatalog_proteins_20161117.aa.fasta	64641	DNA	v1.0	
Pilcr1_GeneCatalog_proteins_20120328.aa.fasta	765440	DNA	v1.0	25706625
Pilidi1_GeneCatalog_proteins_20160923.aa.fasta	1884256	DNA	v1.0	
Pilumb1_GeneCatalog_proteins_20170307.aa.fasta	101123	DNA	v1.0	
Pipbet1_1_GeneCatalog_proteins_20171124.aa.fasta	40450	DNA	v1.0	
Pipcy3_1_GeneCatalog_proteins_20160615.aa.fasta	1907219	DNA	v1.0	
PirE2_1_GeneCatalog_proteins_20110421.aa.fasta	73868	DNA	v1.0	28555641
Pirfi3_GeneCatalog_proteins_20160330.aa.fasta	1754191	DNA	v3.0	28555641
Pirin1_GeneCatalog_proteins_20111203.aa.fasta	1109443	DNA		22022265
Pismi1_GeneCatalog_proteins_20120412.aa.fasta	765257	DNA	v1.0	25706625
Pisti1_GeneCatalog_proteins_20120410.aa.fasta	870435	DNA	v1.0	25706625
Plecu1_GeneCatalog_proteins_20150512.aa.fasta	40658	DNA	v1.0	
Pleery1_GeneCatalog_proteins_20150629.aa.fasta	5323	DNA	v1.0	
Plemel1_GeneCatalog_proteins_20160326.aa.fasta	1280572	DNA	v1.0	
PleosPC15_2_GeneModels_FilteredModels1_aa.fasta	1137138	DNA	v2.0	24958869
PleosPC9_1_GeneModels_Filteredmodels2_aa.fasta	1137139	DNA	v1.0	27117896
Plesi1_GeneCatalog_proteins_20130603.aa.fasta	100044	DNA	v1.0	
Plicr1_GeneCatalog_proteins_20111115.aa.fasta	139390	DNA	v1.0	25706625
Plucer1_GeneCatalog_proteins_20151119.aa.fasta	181527	DNA	v1.0	
Pneji1_GeneCatalog_proteins_20130607.aa.fasta	42068	DNA		23269827
PnitS607_1_GeneCatalog_proteins_20170410.aa.fasta	269771	DNA	v1.0	
Pocchl1_GeneCatalog_proteins_20170916.aa.fasta	1380566	DNA		27416025
Podan2_GeneCatalog_proteins_20140114.aa.fasta	515849	DNA		18460219
Podcur1_GeneCatalog_proteins_20151211.aa.fasta	48157	DNA	v1.0	
Poddi1_GeneCatalog_proteins_20171014.aa.fasta	330526	DNA	v1.0	
Polar1_GeneCatalog_proteins_20130201.aa.fasta	5639	DNA	v1.0	
Polbr1_GeneCatalog_proteins_20150501.aa.fasta	139420	DNA	v1.0	
Polci1_GeneCatalog_proteins_20130311.aa.fasta	705562	DNA	v1.0	
Polfu1_GeneCatalog_proteins_20140813.aa.fasta	682080	DNA	v1.0	
Polsqu1_GeneCatalog_proteins_20170821.aa.fasta	5640	DNA	v1.0	
Porchr1_GeneCatalog_proteins_20160628.aa.fasta	74615	DNA	v1.0	
Pornie1_2_GeneCatalog_proteins_20160504.aa.fasta	175858	DNA	v1.0	
PosplRSB12_1_GeneCatalog_proteins_20111103.aa.fasta	670580	DNA	v1.0	28831381
PplacentaMAD698.FrozenGeneCatalog_20090305.proteins.fasta	561896	DNA	v1.0	19193860
Proin1_GeneCatalog_proteins_20130808.aa.fasta	27332	DNA		
Prola1_GeneCatalog_proteins_20160129.aa.fasta	56484	DNA	v1.0	28481340
Psean1_1_GeneCatalog_proteins_20140109.aa.fasta	1151754	DNA		23558529
Pseel1_GeneCatalog_proteins_20130808.aa.fasta	1695903	DNA		
Psehu1_GeneCatalog_proteins_20130926.aa.fasta	1305764	DNA		23814110
Psehy1_GeneCatalog_proteins_20140829.aa.fasta	470096	DNA	v1.0	
Pseudest1_GeneCatalog_proteins_20170919.aa.fasta	658429	DNA		27365344
Pseve2_GeneCatalog_proteins_20160326.aa.fasta	1141098	DNA	v1.0	28481340
Psicub1_1_GeneCatalog_proteins_20180416.aa.fasta	181762	DNA	v1.0	28763571
Pstipitisv2.FrozenGeneCatalog20080115.proteins.fasta	4924	DNA	v2.0	
Ptegra1_GeneCatalog_proteins_20151205.aa.fasta	1884261	DNA	v1.0	
PuccoNC29_1_GeneCatalog_proteins_20170808.aa.fasta	860303	DNA	v1.0	28846186
Pucgr2_GeneCatalog_proteins_20150718.aa.fasta	56615	DNA	v2.0	21536894
Pucst_PST78_1_GeneCatalog_proteins_20160608.aa.fasta	1165861	DNA	v1.0	27913634
Pucst1_GeneCatalog_proteins_20130920.aa.fasta	875184	DNA		21909385
Puctr1_GeneCatalog_proteins_20131203.aa.fasta	630390	DNA		27913634
Punst1_GeneCatalog_proteins_20101026.aa.fasta	202698	DNA	v1.0	22745431
Pursp1_GeneCatalog_proteins_20160908.aa.fasta	1323837	DNA	v1.0	
Pycci1_GeneCatalog_proteins_20140109.aa.fasta	1445587	DNA		24942338
Pyccin1_GeneCatalog_proteins_20170112.aa.fasta	5643	DNA	v1.0	
Pycco1_GeneCatalog_proteins_20140114.aa.fasta	1353009	DNA	v1.0	
Pycco1662_1_GeneCatalog_proteins_20140607.aa.fasta	158605	DNA		
Pycpun1_GeneCatalog_proteins_20160226.aa.fasta	571087	DNA	v1.0	
Pycsa1_GeneCatalog_proteins_20140123.aa.fasta	158606	DNA	v1.0	
Pyrco1_GeneCatalog_proteins_20131110.aa.fasta	1076935	DNA		24068976
Pyrenophora_tritici_repentis_proteins.fasta	45151	DNA		23316438
Pyrly1_GeneCatalog_proteins_20170623.aa.fasta	285811	DNA	v1.0	
Pyrsp1_GeneCatalog_proteins_20141006.aa.fasta	285810	DNA	v1.0	27434633
Pyrtt1_GeneCatalog_proteins_20110408.aa.fasta	97479	DNA		21067574
Radspe1_GeneCatalog_proteins_20161011.aa.fasta	64574	DNA	v1.0	
Ramac1_GeneCatalog_proteins_20140310.aa.fasta	113071	DNA	v1.0	
Rambr1_GeneCatalog_proteins_20140929.aa.fasta	304332	DNA	v1.0	
Rhesp1_GeneCatalog_proteins_20171207.aa.fasta	1756112	DNA	v1.0	
Rhich1_GeneCatalog_proteins_20131210.aa.fasta	1271458	DNA		23516228
Rhier1_GeneCatalog_proteins_20141012.aa.fasta	1745343	DNA	v1.0	29315638
Rhihy1_GeneCatalog_proteins_20151219.aa.fasta	329046	DNA	v1.0	28481340
Rhili1_GeneCatalog_proteins_20150422.aa.fasta	1504668	DNA	v1.0	
Rhimi_ATCC11559_1_GeneCatalog_proteins_20150408.aa.fasta	58291	DNA	v1.0	27956601
Rhimi_ATCC52814_1_GeneCatalog_proteins_20150309.aa.fasta	86635	DNA	v1.0	27956601
Rhimi1_1_GeneCatalog_proteins_20130624.aa.fasta	86635	DNA	v1.0	29184190
Rhior3_proteins.fasta	246409	DNA		19578406
Rhisa1_GeneCatalog_proteins_20141012.aa.fasta	632084	DNA	v1.0	
Rhiso1_GeneCatalog_proteins_20131028.aa.fasta	1108050	DNA		23280342
Rhives1_GeneCatalog_proteins_20170403.aa.fasta	180088	DNA		28450370
Rhivi1_GeneCatalog_proteins_20140605.aa.fasta	1314800	DNA	v1.0	28450370
Rhoba1_1_GeneCatalog_proteins_20100913.aa.fasta	578459	DNA	v1.1	26441909
Rhobut1_1_GeneCatalog_proteins_20160415.aa.fasta	206335	DNA	v1.0	
RhodotJ31_1_GeneCatalog_proteins_20160519.aa.fasta	1853554	DNA	v1.0	
Rhodsp1_GeneCatalog_proteins_20150111.aa.fasta	1684307	DNA	v1.0	
Rhoglu1_GeneCatalog_proteins_20160519.aa.fasta	5535	DNA	v1.0	
Rhomi1_GeneCatalog_proteins_20140320.aa.fasta	1397322	DNA	v1.0	
Rhomuc1_GeneCatalog_proteins_20160519.aa.fasta	5537	DNA	v1.0	
Rhosp1_GeneCatalog_proteins_20140409.aa.fasta	1305733	DNA		26988035
Rhoto1_GeneCatalog_proteins_20141208.aa.fasta	1130832	DNA	v1.0	23047670
Rhyru1_1_GeneCatalog_proteins_20150204.aa.fasta	37885	DNA		23236275
Ricfib1_GeneCatalog_proteins_20160317.aa.fasta	264144	DNA	v1.0	
Ricme1_GeneCatalog_proteins_20130412.aa.fasta	1756134	DNA	v1.0	26659563
Ricmel1_GeneCatalog_proteins_20151108.aa.fasta	50990	DNA	v1.0	
Rigmic1_GeneCatalog_proteins_20170307.aa.fasta	219653	DNA	v1.0	
Rozal1_1_GeneCatalog_proteins_20140111.aa.fasta	988480	DNA		23932404
Rusbre1_GeneCatalog_proteins_20161010.aa.fasta	98861	DNA	v1.0	
Ruscom1_GeneCatalog_proteins_20170112.aa.fasta	40490	DNA	v1.0	
Rusdis1_GeneCatalog_proteins_20160910.aa.fasta	258981	DNA	v1.0	
Rusoch1_GeneCatalog_proteins_20180325.aa.fasta 	152965	DNA	v1.0	
Rusrug1_GeneCatalog_proteins_20161111.aa.fasta	1935383	DNA	v1.0	
Rusvin1_GeneCatalog_proteins_20170417.aa.fasta	517384	DNA	v1.0	
Rutfi1_GeneCatalog_proteins_20150501.aa.fasta	1490168	DNA	v1.0	
Sacce1_GeneCatalog_proteins_20101210.aa.fasta	559292	DNA		8849441
SacceM3707_1_GeneCatalog_proteins_20120712.aa.fasta	1149757	DNA		23792743
SacceM3836_1_GeneCatalog_proteins_20120712.aa.fasta	1162671	DNA	v1.0	23792743
SacceM3837_1_GeneCatalog_proteins_20120713.aa.fasta	1162672	DNA	v1.0	23792743
SacceM3838_1_GeneCatalog_proteins_20120714.aa.fasta	1162673	DNA	v1.0	23792743
SacceM3839_1_GeneCatalog_proteins_20120714.aa.fasta	1162674	DNA	v1.0	23792743
SacceYB210_1_GeneCatalog_proteins_20130329.aa.fasta	927258	DNA	v1.0	
Sacpr1_GeneCatalog_proteins_20140222.aa.fasta	131308	DNA	v1.0	
Saico1_GeneCatalog_proteins_20110913.aa.fasta	698492	DNA	v1.0	27535936
Sakvas1_GeneCatalog_proteins_20160730.aa.fasta	1274794	DNA		27447865
Sarco1_GeneCatalog_proteins_20150213.aa.fasta	51139	DNA	v1.0	
Schco_LoeD_1_GeneCatalog_proteins_20130531.aa.fasta	1314666	DNA	v1.0	
Schco_TatD_1_GeneCatalog_proteins_20130515.aa.fasta	1314663	DNA	v1.0	
Schco3_GeneCatalog_proteins_20130812.aa.fasta	578458	DNA	v3.0	20622885
Schcy1_GeneCatalog_proteins_20131210.aa.fasta	653667	DNA		21511999
Schja1_GeneCatalog_proteins_20131031.aa.fasta	402676	DNA		21511999
Schoc1_GeneCatalog_proteins_20131210.aa.fasta	483514	DNA		21511999
Schpa1_GeneCatalog_proteins_20131225.aa.fasta	27342	DNA	v1.0	26188242
Schpo1_GeneCatalog_proteins_20130111.aa.fasta	4896	DNA		11859360
Schves1_GeneCatalog_proteins_20170615.aa.fasta	314040	DNA	v1.0	
Sclci1_GeneCatalog_proteins_20120626.aa.fasta	1036808	DNA	v1.0	25706625
Sclhys1_1_GeneCatalog_proteins_20160415.aa.fasta	1529657	DNA	v1.0	
Sclsan1_GeneCatalog_proteins_20170329.aa.fasta	1410009	DNA	v1.0	
Sclsc1_GeneCatalog_proteins_20110903.aa.fasta	5180	DNA	v1.0	21876677
Scysp1_1_GeneCatalog_proteins_20160715.aa.fasta	2024391	DNA	v1.0	
Sebve1_GeneCatalog_proteins_20120626.aa.fasta	933852	DNA	v1.0	25706625
Sebvebe1_GeneCatalog_proteins_20150401.aa.fasta	109899	DNA	v1.0	
Sepmu1_GeneCatalog_proteins_20100915.aa.fasta	692275	DNA	v1.0	23236275
Seppo1_GeneCatalog_proteins_20110720.aa.fasta	215467	DNA	v1.0	23236275
Sepsp1_GeneCatalog_proteins_20150424.aa.fasta	1884257	DNA	v1.0	
Serend1_GeneCatalog_proteins_20171109.aa.fasta	1965286	DNA	v1.0	
Serla_varsha1_GeneCatalog_proteins_20110916.aa.fasta	284545	DNA	v1.0	29305577
SerlaS7_9_2_GeneCatalog_proteins_20120319.aa.fasta	578457	DNA	v2.0	21764756
Serpula_lacrymans_S7_3_v2.proteins.fasta	936435	DNA	v2.0	21764756
Setho1_GeneCatalog_proteins_20150424.aa.fasta	210430	DNA	v1.0	
Settu1_GeneCatalog_proteins_20110305.aa.fasta	671987	DNA	v1.0	23236275
Settur1_GeneCatalog_proteins_20150706.aa.fasta	93612	DNA	v1.0	
Sirint1_GeneCatalog_proteins_20160411.aa.fasta	89935	DNA	v1.0	
Sisbr1_GeneCatalog_proteins_20130805.aa.fasta	5365	DNA	v1.0	
Sisni1_GeneCatalog_proteins_20130806.aa.fasta	139134	DNA		26659563
Sissu1_GeneCatalog_proteins_20130130.aa.fasta	467971	DNA	v1.0	26659563
Smimuc2_GeneCatalog_proteins_20170808.aa.fasta	133383	DNA		27343289
Sodal1_GeneCatalog_proteins_20130724.aa.fasta	1302862	DNA	v1.0	
Sorbr1_GeneCatalog_proteins_20171129.aa.fasta	83679	DNA	v1.0	
Spafl1_GeneCatalog_proteins_20130808.aa.fasta	33158	DNA		
Spalat1_GeneCatalog_proteins_20161107.aa.fasta	1202976	DNA	v1.0	
Spapa3_filtered_proteins.fasta	619300	DNA	v2.0	21788494
Sphst1_GeneCatalog_proteins_20120430.aa.fasta	68786	DNA	v1.0	25706625
Spifus1_GeneCatalog_proteins_20161021.aa.fasta	101115	DNA	v1.0	
Spipu1_GeneCatalog_proteins_20131203.aa.fasta	645134	DNA		
Spofi1_GeneCatalog_proteins_20130818.aa.fasta	718229	DNA	v1.0	
Spola1_GeneCatalog_proteins_20160222.aa.fasta	45794	DNA	v1.0	
Spoli1_GeneCatalog_proteins_20140310.aa.fasta	1397324	DNA	v1.0	
Spopa1_GeneCatalog_proteins_20160208.aa.fasta	5003	DNA	v1.0	
Spore1_GeneCatalog_proteins_20131031.aa.fasta	999809	DNA		21148393
Spoth2_GeneCatalog_proteins_20101221.aa.fasta	78579	DNA	v2.0	21964414
Spoumb1_GeneCatalog_proteins_20170626.aa.fasta	101117	DNA	v1.0	
Sroseus.FilteredModels1.aa.fasta	40563	DNA	v1.0	
Stael1_GeneCatalog_proteins_20170424.aa.fasta	80388	DNA	v1.0	
Stagr1_GeneCatalog_proteins_20141015.aa.fasta	73508	DNA	v1.0	
Stano2_GeneCatalog_proteins_20110506.aa.fasta	321614	DNA	v2.0	18024570
Stasp1_GeneCatalog_proteins_20141004.aa.fasta	765868	DNA	v1.0	27434633
Stehi1_GeneCatalog_proteins_20101026.aa.fasta	721885	DNA	v1.0	22745431
Stely1_GeneCatalog_proteins_20170711.aa.fasta	183478	DNA		26404600
Sugame1_GeneCatalog_proteins_20160411.aa.fasta	796026	DNA	v1.0	
Suiame1_GeneCatalog_proteins_20151214.aa.fasta	48561	DNA	v1.0	
Suibr2_GeneCatalog_proteins_20150912.aa.fasta	48565	DNA	v2.0	25728665
Suicot1_GeneCatalog_proteins_20171209.aa.fasta	48568	DNA	v1.0	
Suidec1_GeneCatalog_proteins_20150904.aa.fasta	48569	DNA	v1.0	
Suigr1_GeneCatalog_proteins_20150504.aa.fasta	48571	DNA	v1.0	
Suihi1_GeneCatalog_proteins_20150416.aa.fasta	279518	DNA	v1.0	
Suilu4_GeneCatalog_proteins_20170628.aa.fasta	5384	DNA	v3.0	25706625
Suipic1_GeneCatalog_proteins_20160216.aa.fasta	222705	DNA	v1.0	
Suisu1_GeneCatalog_proteins_20180325.aa.fasta 	48586	DNA	v1.0	
Suisub1_GeneCatalog_proteins_20170827.aa.fasta	48587	DNA	v1.0	
Suitom1_GeneCatalog_proteins_20170729.aa.fasta	48589	DNA	v1.0	
Symat1_GeneCatalog_proteins_20150310.aa.fasta	254439	DNA	v1.0	
Symko1_GeneCatalog_proteins_20121126.aa.fasta	40221	DNA	v1.0	
Synfus1_GeneCatalog_proteins_20170105.aa.fasta	1851187	DNA	v1.0	
Synplu1_GeneCatalog_proteins_20160902.aa.fasta	1851185	DNA	v1.0	
Synps1_GeneCatalog_proteins_20160128.aa.fasta	1712513	DNA	v1.0	
Synrac1_GeneCatalog_proteins_20160125.aa.fasta	13706	DNA	v1.0	28481340
Talabor1_GeneCatalog_proteins_20170517.aa.fasta	2077152	DNA		
Talma1_2_GeneCatalog_proteins_20140114.aa.fasta	441960	DNA		25676766
Talpro1_GeneCatalog_proteins_20161118.aa.fasta	1131652	DNA	v1.0	
Talst1_2_GeneCatalog_proteins_20140114.aa.fasta	441959	DNA		
Tapde1_1_GeneCatalog_proteins_20130601.aa.fasta	5011	DNA		23631913
Tatroviridev2_FrozenGeneCatalog_20100319.proteins.fasta	63577	DNA	v2.0	21501500
Terbo2_GeneCatalog_proteins_20141124.aa.fasta	1051890	DNA	v1.1	
Tercla1_GeneCatalog_proteins_20170113.aa.fasta	10760	DNA	v1.0	
Ternu1_GeneCatalog_proteins_20140925.aa.fasta	161662	DNA	v1.0	
Tescy1_GeneCatalog_proteins_20150113.aa.fasta	1882483	DNA	v1.0	
Thacu1_GeneCatalog_proteins_20170424.aa.fasta	107832	DNA	v1.0	
Thaele1_GeneCatalog_proteins_20160208.aa.fasta	101142	DNA	v1.0	
Thasp1_GeneCatalog_proteins_20160203.aa.fasta	78915	DNA	v1.0	
Theau1_GeneCatalog_proteins_20120830.aa.fasta	5087	DNA	v1.0	
Thega1_GeneCatalog_proteins_20150318.aa.fasta	370292	DNA	v1.0	
Thelan1_GeneCatalog_proteins_20160730.aa.fasta	1158138	DNA		23788551
Themi1_GeneCatalog_proteins_20141205.aa.fasta	319061	DNA	v1.0	
Thest1_GeneCatalog_proteins_20130808.aa.fasta	46453	DNA		
Thian1_GeneCatalog_proteins_20140328.aa.fasta	1450530	DNA	v1.0	
Thiap1_GeneCatalog_proteins_20140116.aa.fasta	1384585	DNA	v1.0	
Thiar1_GeneCatalog_proteins_20131210.aa.fasta	1384583	DNA	v1.0	
Thihy1_GeneCatalog_proteins_20140109.aa.fasta	1384584	DNA	v1.0	
Thite2_GeneCatalog_proteins_20101221.aa.fasta	35720	DNA	v2.0	21964414
ThoPMI491_1_GeneCatalog_proteins_20140726.aa.fasta	1506992	DNA	v2.0	
Tilalb1_GeneCatalog_proteins_20160202.aa.fasta	58915	DNA	v1.0	
Tilan2_GeneCatalog_proteins_20140224.aa.fasta	1037660	DNA	v1.0	24926052
Tillet1_GeneCatalog_proteins_20170626.aa.fasta	1954214	DNA	v1.0	
Tilwa1_GeneCatalog_proteins_20141225.aa.fasta	58919	DNA	v1.0	
Tolinf1_GeneCatalog_proteins_20160803.aa.fasta	29910	DNA		23818858
Torde1_GeneCatalog_proteins_20150128.aa.fasta	1076872	DNA		22123960
Torra1_GeneCatalog_proteins_20150428.aa.fasta	311114	DNA	v1.0	
Totfu1_GeneCatalog_proteins_20140831.aa.fasta	1048955	DNA	v1.0	
Trabet1_GeneCatalog_proteins_20170925.aa.fasta	5632	DNA		
Trace1_GeneCatalog_proteins_20150503.aa.fasta	1111950	DNA	v1.0	
Traci1_GeneCatalog_proteins_20150209.aa.fasta	575983	DNA	v1.0	
Tragib1_GeneCatalog_proteins_20161031.aa.fasta	160864	DNA	v1.0	
Tralac1_GeneCatalog_proteins_20170620.aa.fasta	1391043	DNA	v1.0	
Tralj1_GeneCatalog_proteins_20140625.aa.fasta	1140396	DNA	v1.0	
Tramax1_GeneCatalog_proteins_20170721.aa.fasta	259368	DNA	v1.0	
Tramen1_GeneCatalog_proteins_20170906.aa.fasta	2136021	DNA	v1.0	
Tramey1_GeneCatalog_proteins_20170620.aa.fasta	526243	DNA	v1.0	
Trapol1_GeneCatalog_proteins_20170925.aa.fasta	239206	DNA	v1.0	
Trapub1_GeneCatalog_proteins_20160929.aa.fasta	154538	DNA		
Trave1_GeneCatalog_proteins_20101111.aa.fasta	5325	DNA	v1.0	22745431
Treen1_GeneCatalog_proteins_20160201.aa.fasta	71784	DNA	v1.0	28481340
TreeseiV2_FrozenGeneCatalog20081022.proteins.fasta	51453	DNA	v2.0	18454138
Treme1_best_proteins.fasta	5217	DNA	v1.0	22745431
Trepe1_GeneCatalog_proteins_20140415.aa.fasta	1447946	DNA	v1.0	
Triab1_1_GeneCatalog_proteins_20130513.aa.fasta	40452	DNA	v1.0	
Trias1_GeneCatalog_proteins_20120305.aa.fasta	101201	DNA	v1.0	29630596
Trias2479_GeneCatalog_proteins_20170710.aa.fasta	1186058	DNA		14641628
Trias8904_GeneCatalog_proteins_20170719.aa.fasta	1220162	DNA		23193141
Triasp1_GeneCatalog_proteins_20150522.aa.fasta	101201	DNA	v1.0	
Tribi1_GeneCatalog_proteins_20141117.aa.fasta	703511	DNA	v1.0	
Trich1_GeneCatalog_proteins_20150114.aa.fasta	457529	DNA	v1.0	
Trici4_GeneCatalog_proteins_20131015.aa.fasta	58853	DNA	v4.0	29630596
Trigam1_GeneCatalog_proteins_20170914.aa.fasta	398673	DNA		26893428
Trigu1_GeneCatalog_proteins_20141217.aa.fasta	1196434	DNA	v1.0	
Trigue1_GeneCatalog_proteins_20160218.aa.fasta	105714	DNA	v1.0	
Triha1_GeneCatalog_proteins_20120306.aa.fasta	983964	DNA	v1.0	29630596
Trihar1_GeneCatalog_proteins_20141017.aa.fasta	5544	DNA	v1.0	
Trihyb1_GeneCatalog_proteins_20161123.aa.fasta	47213	DNA	v1.0	
Trilo3_GeneCatalog_proteins_20130918.aa.fasta	983965	DNA	v3.0	29630596
Trima3_GeneCatalog_proteins_20130329.aa.fasta	1095628	DNA	v3.0	
Triol1_GeneCatalog_proteins_20140430.aa.fasta	879819	DNA	v1.0	26199329
Tripe1_GeneCatalog_proteins_20150117.aa.fasta	64416	DNA	v1.0	
Tripra1_GeneCatalog_proteins_20180307.aa.fasta 	43433	DNA	v1.0	
TrireRUTC30_1_GeneCatalog_proteins_20110526.aa.fasta	1344414	DNA	v1.0	28616075
Triru1_GeneCatalog_proteins_20130826.aa.fasta	559305	DNA		22951933
Trisp1_GeneCatalog_proteins_20140301.aa.fasta	1055551	DNA	v1.0	
Triver1_GeneCatalog_proteins_20131203.aa.fasta	63417	DNA		21247460
Truan1_GeneCatalog_proteins_20170627.aa.fasta	152316	DNA	v1.0	
Tryvi1_GeneCatalog_proteins_20130617.aa.fasta	364715	DNA	v1.0	
Tubbor1_GeneCatalog_proteins_20160610.aa.fasta	42251	DNA	v1.0	
Tubme1_GeneCatalog_proteins_20111120.aa.fasta	656061	DNA	v1.0	20348908
Tulca1_GeneCatalog_proteins_20120608.aa.fasta	1051891	DNA	v1.0	25706625
Tulca1_GeneCatalog_proteins_20120608.aa.fasta	156515	DNA	v1.0	
Tvirens_v2.FrozenGeneCatalog_20100318.proteins.fasta	413071	DNA	v2.0	21501500
Umbisa1_GeneCatalog_proteins_20171025.aa.fasta	91625	DNA	v1.0	
Umbra1_GeneCatalog_proteins_20121109.aa.fasta	1314678	DNA	v1.0	
Umbra1_GeneCatalog_proteins_20121109.aa.fasta	41833	DNA	v1.0	
Umbsp_AD052_1_GeneCatalog_proteins_20160912.aa.fasta	1883073	DNA	v1.0	
Uncre1_GeneCatalog_proteins_20131024.aa.fasta	336963	DNA		19717792
Uropr1_GeneCatalog_proteins_20180221.aa.fasta 	2183100	DNA	v1.0	
Usnflo1_GeneCatalog_proteins_20160419.aa.fasta	111620	DNA	v1.0	
Usthor1_GeneCatalog_proteins_20170410.aa.fasta	1128400	DNA		22623492
Ustilago_maydis.proteins.fasta	5270	DNA		17080091
Ustsp1_GeneCatalog_proteins_20150106.aa.fasta	1673888	DNA	v1.0	
Ustvir1_GeneCatalog_proteins_20170701.aa.fasta	1159556	DNA		27151791
Valla1_GeneCatalog_proteins_20141003.aa.fasta	152775	DNA	v1.0	
Varmin1_GeneCatalog_proteins_20160225.aa.fasta	1314806	DNA	v1.0	
Venin1_GeneCatalog_proteins_20141010.aa.fasta	5025	DNA		28464870
Venpi1_GeneCatalog_proteins_20150407.aa.fasta	415593	DNA		28464870
Veral1_GeneCatalog_proteins_20131030.aa.fasta	526221	DNA		21829347
Verda1_GeneCatalog_proteins_20110524.aa.fasta	27337	DNA	v1.0	21829347
Veren1_GeneCatalog_proteins_20140626.aa.fasta	85948	DNA	v1.0	
Verga1_GeneCatalog_proteins_20160827.aa.fasta	253628	DNA		28348446
Volvo1_GeneCatalog_proteins_20130703.aa.fasta	706473	DNA		23526973
Vuicom1_GeneCatalog_proteins_20170111.aa.fasta	47058	DNA	v1.0	
Walic1_GeneCatalog_proteins_20131017.aa.fasta	1299270	DNA		24034603
Walse1_GeneCatalog_proteins_20100910.aa.fasta	148960	DNA	v1.0	
Walse1_GeneCatalog_proteins_20100910.aa.fasta	1708541	DNA	v1.0	22326418
Wesor1_GeneCatalog_proteins_20140626.aa.fasta	318751	DNA	v1.0	
Wican1_GeneCatalog_proteins_20110222.aa.fasta	683960	DNA	v1.0	27535936
Wicdo1_GeneCatalog_proteins_20160729.aa.fasta	45788	DNA	v1.0	
Wilmi1_GeneCatalog_proteins_20130716.aa.fasta	1314677	DNA	v1.0	
Wolco1_GeneCatalog_proteins_20100915.aa.fasta	742152	DNA	v1.0	22745431
Xanpa2_GeneCatalog_proteins_20140928.aa.fasta	714311	DNA	v1.1	
Xenvag1_GeneCatalog_proteins_20160511.aa.fasta	301416	DNA	v1.0	
Xerba1_GeneCatalog_proteins_20150320.aa.fasta	36058	DNA	v1.0	
Xylhe1_GeneCatalog_proteins_20130827.aa.fasta	1328760	DNA	v1.0	26693682
Xylhyp1_GeneCatalog_proteins_20160130.aa.fasta	37992	DNA	v1.0	
XylPMI506_GeneCatalog_proteins_20161028.aa.fasta	1940296	DNA	v1.0	
Yarli1_GeneCatalog_proteins_20130122.aa.fasta	284591	DNA		15229592
Yarlip1_GeneCatalog_proteins_20160930.aa.fasta	4952	DNA	v1.0	
Zancul2_GeneCatalog_proteins_20170807.aa.fasta	1213189	DNA		27343289
Zasce1_GeneCatalog_proteins_20120808.aa.fasta	1080233	DNA	v1.0	
Zoprh1_GeneCatalog_proteins_20130606.aa.fasta	160035	DNA	v1.0	
Zycmex1_GeneCatalog_proteins_20160711.aa.fasta	64656	DNA	v1.0	
Zyghe1_2_GeneCatalog_proteins_20150916.aa.fasta	5621	DNA	v1.0	
Zyghet1_GeneCatalog_proteins_20160427.aa.fasta	101122	DNA	v1.0	
Zygro1_GeneCatalog_proteins_20150128.aa.fasta	559307	DNA		19525356
Zymar1_GeneCatalog_proteins_20141012.aa.fasta	985147	DNA		22711811
Zymbr1_GeneCatalog_proteins_20170711.aa.fasta	1047168	DNA		25917918
Zymps1_GeneCatalog_proteins_20141012.aa.fasta	985140	DNA		22711811
